Built from '6000.3/staging' branch; Version is '6000.3.10f1 (e35f0c77bd8e) revision 14901004'; Using compiler version '194234433'; Build Type 'Release'
OS: 'Windows 11  (10.0.26200) CoreSingleLanguage' Language: 'vi' Physical Memory: 16118 MB
BatchMode: 1, IsHumanControllingUs: 0, StartBugReporterOnCrash: 0, Is64bit: 1
System  architecture: x64
Process architecture: x64
Date: 2026-06-17T01:38:33Z
[Licensing::Module] Trying to connect to existing licensing client channel...
[Licensing::IpcConnector] Successfully connected to: "LicenseClient-Uyen Nguyen" at "2026-06-17T01:38:33.6570249Z"

COMMAND LINE ARGUMENTS:
F:\GameDev\Unity\Editor\Editor\Unity.exe
-adb2
-batchMode
-noUpm
-name
AssetImportWorker0
-projectPath
F:/GameDev/Project/ThanhGiong-2026-06-17-07-56-00/ThanhGiong
-logFile
Logs/AssetImportWorker0.log
-srvPort
61246
-licensingIpc
LicenseClient-Uyen Nguyen
-job-worker-count
1
-background-job-worker-count
8
-gc-helper-count
1
-name
AssetImport
Successfully changed project path to: F:/GameDev/Project/ThanhGiong-2026-06-17-07-56-00/ThanhGiong
F:/GameDev/Project/ThanhGiong-2026-06-17-07-56-00/ThanhGiong
[UnityMemory] Configuration Parameters - Can be set up in boot.config
    "memorysetup-temp-allocator-size-nav-mesh-worker=65536"
    "memorysetup-temp-allocator-size-audio-worker=65536"
    "memorysetup-temp-allocator-size-gfx=262144"
    "memorysetup-allocator-temp-initial-block-size-main=262144"
    "memorysetup-allocator-temp-initial-block-size-worker=262144"
    "memorysetup-temp-allocator-size-background-worker=32768"
    "memorysetup-temp-allocator-size-job-worker=262144"
    "memorysetup-temp-allocator-size-preload-manager=33554432"
    "memorysetup-temp-allocator-size-gi-baking-worker=262144"
    "memorysetup-temp-allocator-size-gi-baking-worker=262144"
    "memorysetup-temp-allocator-size-gi-baking-worker=262144"
    "memorysetup-temp-allocator-size-gi-baking-worker=262144"
    "memorysetup-temp-allocator-size-gi-baking-worker=262144"
    "memorysetup-bucket-allocator-granularity=16"
    "memorysetup-bucket-allocator-bucket-count=8"
    "memorysetup-bucket-allocator-block-size=33554432"
    "memorysetup-bucket-allocator-block-count=8"
    "memorysetup-main-allocator-block-size=16777216"
    "memorysetup-thread-allocator-block-size=16777216"
    "memorysetup-gfx-main-allocator-block-size=16777216"
    "memorysetup-gfx-thread-allocator-block-size=16777216"
    "memorysetup-cache-allocator-block-size=4194304"
    "memorysetup-typetree-allocator-block-size=2097152"
    "memorysetup-profiler-bucket-allocator-granularity=16"
    "memorysetup-profiler-bucket-allocator-bucket-count=8"
    "memorysetup-profiler-bucket-allocator-block-size=33554432"
    "memorysetup-profiler-bucket-allocator-block-count=8"
    "memorysetup-profiler-allocator-block-size=16777216"
    "memorysetup-profiler-editor-allocator-block-size=1048576"
    "memorysetup-temp-allocator-size-main=16777216"
    "memorysetup-job-temp-allocator-block-size=2097152"
    "memorysetup-job-temp-allocator-block-size-background=1048576"
    "memorysetup-job-temp-allocator-reduction-small-platforms=262144"
    "memorysetup-temp-allocator-size-cloud-worker=32768"
Player connection [31488]  Target information:

Player connection [31488]  * "[IP] 10.87.32.191 [Port] 0 [Flags] 2 [Guid] 2792043202 [EditorId] 2792043202 [Version] 1048832 [Id] WindowsEditor(7,DESKTOP-L9JQ268) [Debug] 1 [PackageName] WindowsEditor [ProjectName] Editor" 

Player connection [31488] Host joined multi-casting on [225.0.0.222:54997]...
Player connection [31488] Host joined alternative multi-casting on [225.0.0.222:34997]...
JobSystem: Creating JobQueue using job-worker-count value 1
Input System module state changed to: Initialized.
[Physics::Module] Initialized fallback backend.
[Physics::Module] Id: 0xdecafbad
Library Redirect Path: Library/
[Physics::Module] Selected backend.
[Physics::Module] Name: PhysX
[Physics::Module] Id: 0xf2b8ea05
[Physics::Module] SDK Version: 4.1.2
[Physics::Module] Integration Version: 1.0.0
[Physics::Module] Threading Mode: Multi-Threaded
Refreshing native plugins compatible for Editor in 398.71 ms, found 3 plugins.
Preloading 0 native plugins for Editor in 0.00 ms.
Initialize engine version: 6000.3.10f1 (e35f0c77bd8e)
[Subsystems] Discovering subsystems at path F:/GameDev/Unity/Editor/Editor/Data/Resources/UnitySubsystems
[Subsystems] Discovering subsystems at path F:/GameDev/Project/ThanhGiong-2026-06-17-07-56-00/ThanhGiong/Assets
GfxDevice: creating device client; kGfxThreadingModeNonThreaded
Direct3D:
    Version:  Direct3D 11.0 [level 11.1]
    Renderer: Intel(R) UHD Graphics (ID=0x9a78)
    Vendor:   Intel
    VRAM:     8059 MB
    Driver:   32.0.101.7084
Initialize mono
Mono path[0] = 'F:/GameDev/Unity/Editor/Editor/Data/Managed'
Mono path[1] = 'F:/GameDev/Unity/Editor/Editor/Data/MonoBleedingEdge/lib/mono/unityjit-win32'
Mono config path = 'F:/GameDev/Unity/Editor/Editor/Data/MonoBleedingEdge/etc'
Using monoOptions --debugger-agent=transport=dt_socket,embedding=1,server=y,suspend=n,address=127.0.0.1:56920
Begin MonoManager ReloadAssembly
Registering precompiled unity dll's ...
Register platform support module: F:/GameDev/Unity/Editor/Editor/Data/PlaybackEngines/WindowsStandaloneSupport/UnityEditor.WindowsStandalone.Extensions.dll
Registered in 0.117489 seconds.
[Licensing::Client] Handshaking with LicensingClient:
  Version:                 1.17.4+4293ba1
  Session Id:              bd3a43b97c59413bb41f5d355529cf6d
  Correlation Id:          9cd22aa8ccbbee9a8be8dedf5b3490f7
  External correlation Id: 7623679644521666655
  Machine Id:              McNQbxrAexYBzWumsTU5zBSeDYc=
[Licensing::Module] Successfully connected to LicensingClient on channel: "LicenseClient-Uyen Nguyen" (connect: 0.00s, validation: 0.00s, handshake: 14.09s)
[Licensing::IpcConnector] Successfully connected to: "LicenseClient-Uyen Nguyen-notifications" at "2026-06-17T01:38:47.7485044Z"
[Licensing::Module] Licensing Background thread has ended after 14.10s
- Loaded All Assemblies, in  4.952 seconds
Native extension for WindowsStandalone target not found
ScheduleIndexationOnStartup MainProcess:False IndexOnStartup:True
Mono: successfully reloaded assembly
- Finished resetting the current domain, in  3.142 seconds
Domain Reload Profiling: 8093ms
	BeginReloadAssembly (3149ms)
		ExecutionOrderSort (0ms)
		DisableScriptedObjects (0ms)
		BackupInstance (0ms)
		ReleaseScriptingObjects (0ms)
		CreateAndSetChildDomain (1ms)
	RebuildCommonClasses (338ms)
	RebuildNativeTypeToScriptingClass (136ms)
	initialDomainReloadingComplete (293ms)
	LoadAllAssembliesAndSetupDomain (1035ms)
		LoadAssemblies (3148ms)
		RebuildTransferFunctionScriptingTraits (0ms)
		AnalyzeDomain (1027ms)
			TypeCache.Refresh (1022ms)
				TypeCache.ScanAssembly (986ms)
			BuildScriptInfoCaches (0ms)
			ResolveRequiredComponents (1ms)
	FinalizeReload (3142ms)
		ReleaseScriptCaches (0ms)
		RebuildScriptCaches (0ms)
		SetupLoadedEditorAssemblies (3036ms)
			LogAssemblyErrors (0ms)
			InitializePlatformSupportModulesInManaged (208ms)
			SetLoadedEditorAssemblies (9ms)
			BeforeProcessingInitializeOnLoad (469ms)
			ProcessInitializeOnLoadAttributes (1490ms)
			ProcessInitializeOnLoadMethodAttributes (858ms)
			AfterProcessingInitializeOnLoad (0ms)
			EditorAssembliesLoaded (0ms)
		ExecutionOrderSort2 (0ms)
		AwakeInstancesAfterBackupRestoration (0ms)
========================================================================
Worker process is ready to serve import requests
Import Worker Mode flag is 0x00
Begin MonoManager ReloadAssembly
[Licensing::Client] Successfully resolved entitlement details
[Licensing::Module] License group:
  Id: F4-4NHA-X586-XBBN-ZF9Q-XXXX
  Product: Unity Personal
  Type: ULF
  Expiration: 2026-07-24T02:35:45Z
[Licensing::Module] License group:
  Id: 18968329531353-UnityPersXXXX
  Product: Unity Personal
  Type: Assigned
  Expiration: Unlimited
- Loaded All Assemblies, in  7.050 seconds
Refreshing native plugins compatible for Editor in 82.62 ms, found 3 plugins.
Native extension for WindowsStandalone target not found
Package Manager log level set to [2]
[Package Manager] Failed to launch server process. Reason: Unity was launched with the -noUpm command-line argument
[Package Manager] Unable to send message (not connected to server process).
[Package Manager] Cannot connect to Unity Package Manager local server
[Package Manager] Failed to launch server process. Reason: Unity was launched with the -noUpm command-line argument
[Package Manager] Unable to send message (not connected to server process).
[Package Manager] Cannot connect to Unity Package Manager local server
ScheduleIndexationOnStartup MainProcess:False IndexOnStartup:True
Mono: successfully reloaded assembly
- Finished resetting the current domain, in  7.204 seconds
Domain Reload Profiling: 14350ms
	BeginReloadAssembly (1729ms)
		ExecutionOrderSort (0ms)
		DisableScriptedObjects (13ms)
		BackupInstance (0ms)
		ReleaseScriptingObjects (0ms)
		CreateAndSetChildDomain (617ms)
	RebuildCommonClasses (199ms)
	RebuildNativeTypeToScriptingClass (56ms)
	initialDomainReloadingComplete (115ms)
	LoadAllAssembliesAndSetupDomain (4947ms)
		LoadAssemblies (4453ms)
		RebuildTransferFunctionScriptingTraits (0ms)
		AnalyzeDomain (1311ms)
			TypeCache.Refresh (1053ms)
				TypeCache.ScanAssembly (1008ms)
			BuildScriptInfoCaches (212ms)
			ResolveRequiredComponents (36ms)
	FinalizeReload (7304ms)
		ReleaseScriptCaches (0ms)
		RebuildScriptCaches (0ms)
		SetupLoadedEditorAssemblies (3573ms)
			LogAssemblyErrors (0ms)
			InitializePlatformSupportModulesInManaged (4ms)
			SetLoadedEditorAssemblies (140ms)
			BeforeProcessingInitializeOnLoad (1228ms)
			ProcessInitializeOnLoadAttributes (1924ms)
			ProcessInitializeOnLoadMethodAttributes (268ms)
			AfterProcessingInitializeOnLoad (9ms)
			EditorAssembliesLoaded (1ms)
		ExecutionOrderSort2 (0ms)
		AwakeInstancesAfterBackupRestoration (18ms)
Launched and connected shader compiler UnityShaderCompiler.exe after 0.18 seconds
Refreshing native plugins compatible for Editor in 7.56 ms, found 3 plugins.
Preloading 0 native plugins for Editor in 0.00 ms.
Unloading 16 Unused Serialized files (Serialized files now loaded: 0)
Unloading 6581 unused Assets / (9.9 MB). Loaded Objects now: 7407.
Memory consumption went from 144.8 MB to 134.8 MB.
Total: 43.970800 ms (FindLiveObjects: 3.496400 ms CreateObjectMapping: 2.063700 ms MarkObjects: 19.705000 ms  DeleteObjects: 18.704000 ms)

========================================================================
Received Import Request.
  Time since last request: 80453.419839 seconds.
  path: Assets/Script/QuestManager.cs
  artifactKey: Guid(ad95c3ecfa6015345b3a5fc2062ecdbf) Importer(2089858483,b0f066a214c2f5e87bad3c948f4d605d)
Start importing Assets/Script/QuestManager.cs using Guid(ad95c3ecfa6015345b3a5fc2062ecdbf) Importer(2089858483,b0f066a214c2f5e87bad3c948f4d605d) (ScriptedImporter) -> (artifact id: '34769c56ac3203709216c7c71d0ca14e') in 0.375114 seconds
Number of updated asset objects reloaded before import = 0Number of asset objects unloaded after import = 0

========================================================================
Received Import Request.
  Time since last request: 0.000065 seconds.
  path: Assets/Assets/model_3D/bamboo_bush.glb
  artifactKey: Guid(bd50fb25efce0ed4a8e35f72d2f056a3) Importer(2089858483,b0f066a214c2f5e87bad3c948f4d605d)
Start importing Assets/Assets/model_3D/bamboo_bush.glb using Guid(bd50fb25efce0ed4a8e35f72d2f056a3) Importer(2089858483,b0f066a214c2f5e87bad3c948f4d605d) (ScriptedImporter) -> (artifact id: 'efb13788ba0a29f9f693c8b0adf1e07b') in 14.1498216 seconds
Number of updated asset objects reloaded before import = 0Number of asset objects unloaded after import = 18

========================================================================
Received Import Request.
  Time since last request: 0.000049 seconds.
  path: Assets/TextMesh Pro/Fonts/LiberationSans.ttf
  artifactKey: Guid(e3265ab4bf004d28a9537516768c1c75) Importer(2089858483,b0f066a214c2f5e87bad3c948f4d605d)
Start importing Assets/TextMesh Pro/Fonts/LiberationSans.ttf using Guid(e3265ab4bf004d28a9537516768c1c75) Importer(2089858483,b0f066a214c2f5e87bad3c948f4d605d) (ScriptedImporter) -> (artifact id: 'fcda58043f043a6334299ab8f2af3ae8') in 0.506416 seconds
Number of updated asset objects reloaded before import = 0Number of asset objects unloaded after import = 3

========================================================================
Received Import Request.
  Time since last request: 0.000052 seconds.
  path: Assets/Assets/model_3D/nha_la_3.glb
  artifactKey: Guid(10c71e0a4b5bb95458779c49ad613883) Importer(2089858483,b0f066a214c2f5e87bad3c948f4d605d)
Start importing Assets/Assets/model_3D/nha_la_3.glb using Guid(10c71e0a4b5bb95458779c49ad613883) Importer(2089858483,b0f066a214c2f5e87bad3c948f4d605d) (ScriptedImporter) -> (artifact id: '46aec53da6acfa36b57dab5bb7c6698a') in 3.7342867 seconds
Number of updated asset objects reloaded before import = 0Number of asset objects unloaded after import = 18

========================================================================
Received Import Request.
  Time since last request: 0.000070 seconds.
  path: Assets/Scenes/map.unity
  artifactKey: Guid(046f03cf05bf14643b668a9cbbaf0c3b) Importer(2089858483,b0f066a214c2f5e87bad3c948f4d605d)
Start importing Assets/Scenes/map.unity using Guid(046f03cf05bf14643b668a9cbbaf0c3b) Importer(2089858483,b0f066a214c2f5e87bad3c948f4d605d) (ScriptedImporter) -> (artifact id: 'e7fb1da0a12bc1a4db7f350ae4ed92c5') in 0.1726187 seconds
Number of updated asset objects reloaded before import = 0Number of asset objects unloaded after import = 1

========================================================================
Received Import Request.
  Time since last request: 0.000056 seconds.
  path: Assets/Assets/model_3D/Run Forward.fbx
  artifactKey: Guid(5aa0540370b94dc45b19089de5b00ea0) Importer(2089858483,b0f066a214c2f5e87bad3c948f4d605d)
Start importing Assets/Assets/model_3D/Run Forward.fbx using Guid(5aa0540370b94dc45b19089de5b00ea0) Importer(2089858483,b0f066a214c2f5e87bad3c948f4d605d) (ScriptedImporter) -> (artifact id: 'fcd4fa7cfc30b8e6c9947a18a3489099') in 2.5502516 seconds
Number of updated asset objects reloaded before import = 0Number of asset objects unloaded after import = 93

========================================================================
Received Import Request.
  Time since last request: 0.000048 seconds.
  path: Assets/TextMesh Pro/Shaders/TMP_SDF-Surface.shader
  artifactKey: Guid(f7ada0af4f174f0694ca6a487b8f543d) Importer(2089858483,b0f066a214c2f5e87bad3c948f4d605d)
Start importing Assets/TextMesh Pro/Shaders/TMP_SDF-Surface.shader using Guid(f7ada0af4f174f0694ca6a487b8f543d) Importer(2089858483,b0f066a214c2f5e87bad3c948f4d605d) (ScriptedImporter) -> (artifact id: '9a2e8dab001dd3e08d86db7b1102513f') in 1.2610385 seconds
Number of updated asset objects reloaded before import = 0Number of asset objects unloaded after import = 1

========================================================================
Received Import Request.
  Time since last request: 0.000071 seconds.
  path: Assets/TextMesh Pro/Shaders/TMP_SDF-URP Lit.shadergraph
  artifactKey: Guid(a3d800b099a06e0478fb790c5e79057a) Importer(2089858483,b0f066a214c2f5e87bad3c948f4d605d)
Start importing Assets/TextMesh Pro/Shaders/TMP_SDF-URP Lit.shadergraph using Guid(a3d800b099a06e0478fb790c5e79057a) Importer(2089858483,b0f066a214c2f5e87bad3c948f4d605d) (ScriptedImporter) -> (artifact id: '3180c4c11d43ed2abc4b19c0bbae2ee4') in 2.8248405 seconds
Number of updated asset objects reloaded before import = 0Number of asset objects unloaded after import = 4

========================================================================
Received Import Request.
  Time since last request: 0.000075 seconds.
  path: Assets/Assets/material/New Material.mat
  artifactKey: Guid(47b23a684b9dcd547a7a18c313699ccb) Importer(2089858483,b0f066a214c2f5e87bad3c948f4d605d)
Start importing Assets/Assets/material/New Material.mat using Guid(47b23a684b9dcd547a7a18c313699ccb) Importer(2089858483,b0f066a214c2f5e87bad3c948f4d605d) (ScriptedImporter) -> (artifact id: 'e747af0a2158aa42b34c65ff7704a510') in 0.133759 seconds
Number of updated asset objects reloaded before import = 0Number of asset objects unloaded after import = 1

========================================================================
Received Import Request.
  Time since last request: 0.000063 seconds.
  path: Assets/TextMesh Pro/Shaders/TMPro_Surface.cginc
  artifactKey: Guid(d930090c0cd643c7b55f19a38538c162) Importer(2089858483,b0f066a214c2f5e87bad3c948f4d605d)
Start importing Assets/TextMesh Pro/Shaders/TMPro_Surface.cginc using Guid(d930090c0cd643c7b55f19a38538c162) Importer(2089858483,b0f066a214c2f5e87bad3c948f4d605d) (ScriptedImporter) -> (artifact id: '4e552829f660197566d83f4a5e7d3d74') in 0.1843091 seconds
Number of updated asset objects reloaded before import = 0Number of asset objects unloaded after import = 1

========================================================================
Received Import Request.
  Time since last request: 0.000775 seconds.
  path: Assets/TextMesh Pro/Shaders/TMPro_Mobile.cginc
  artifactKey: Guid(c334973cef89a9840b0b0c507e0377ab) Importer(2089858483,b0f066a214c2f5e87bad3c948f4d605d)
Start importing Assets/TextMesh Pro/Shaders/TMPro_Mobile.cginc using Guid(c334973cef89a9840b0b0c507e0377ab) Importer(2089858483,b0f066a214c2f5e87bad3c948f4d605d) (ScriptedImporter) -> (artifact id: '542bcca889f52c74e88a98dd2031ab2d') in 0.0781236 seconds
Number of updated asset objects reloaded before import = 0Number of asset objects unloaded after import = 1

========================================================================
Received Import Request.
  Time since last request: 0.000078 seconds.
  path: Assets/Assets/IgniteCoders/Simple Water Shader/Demo.unity
  artifactKey: Guid(d1c3109bdb54ad54c8a2b2838528e640) Importer(2089858483,b0f066a214c2f5e87bad3c948f4d605d)
Start importing Assets/Assets/IgniteCoders/Simple Water Shader/Demo.unity using Guid(d1c3109bdb54ad54c8a2b2838528e640) Importer(2089858483,b0f066a214c2f5e87bad3c948f4d605d) (ScriptedImporter) -> (artifact id: '3ec5b85714977d53a1eb60d031481d4c') in 0.0925102 seconds
Number of updated asset objects reloaded before import = 0Number of asset objects unloaded after import = 1

========================================================================
Received Import Request.
  Time since last request: 0.000042 seconds.
  path: Assets/Assets/SimpleNaturePack/Models/Bush_03.fbx
  artifactKey: Guid(7b5a098d913a3c74692a2a9963dbd3ba) Importer(2089858483,b0f066a214c2f5e87bad3c948f4d605d)
Start importing Assets/Assets/SimpleNaturePack/Models/Bush_03.fbx using Guid(7b5a098d913a3c74692a2a9963dbd3ba) Importer(2089858483,b0f066a214c2f5e87bad3c948f4d605d) (ScriptedImporter) -> (artifact id: '822dd0aded1ff0ca00a9f719d4a003c9') in 0.1857438 seconds
Number of updated asset objects reloaded before import = 0Number of asset objects unloaded after import = 15

========================================================================
Received Import Request.
  Time since last request: 0.000051 seconds.
  path: Assets/Script/GiongHunger.cs
  artifactKey: Guid(d699602133767264a92a8bc5c6ecb0e4) Importer(2089858483,b0f066a214c2f5e87bad3c948f4d605d)
Start importing Assets/Script/GiongHunger.cs using Guid(d699602133767264a92a8bc5c6ecb0e4) Importer(2089858483,b0f066a214c2f5e87bad3c948f4d605d) (ScriptedImporter) -> (artifact id: '11144594bfab68b72ea235dabfab7caf') in 0.0453476 seconds
Number of updated asset objects reloaded before import = 0Number of asset objects unloaded after import = 0

========================================================================
Received Import Request.
  Time since last request: 0.000041 seconds.
  path: Assets/Items/cooked_rice.png
  artifactKey: Guid(f9f634625374b6f4f987ff5bb7658cc9) Importer(2089858483,b0f066a214c2f5e87bad3c948f4d605d)
Start importing Assets/Items/cooked_rice.png using Guid(f9f634625374b6f4f987ff5bb7658cc9) Importer(2089858483,b0f066a214c2f5e87bad3c948f4d605d) (ScriptedImporter) -> (artifact id: '30bd352e1c99b59f7bf5e0527ca20603') in 0.3807967 seconds
Number of updated asset objects reloaded before import = 0Number of asset objects unloaded after import = 3

========================================================================
Received Import Request.
  Time since last request: 0.000053 seconds.
  path: Assets/Assets/material/Gemini_Generated_Image_qqqdn0qqqdn0qqqd.png
  artifactKey: Guid(64b78dd9c81f40d4583ea50e9bdeb316) Importer(2089858483,b0f066a214c2f5e87bad3c948f4d605d)
Start importing Assets/Assets/material/Gemini_Generated_Image_qqqdn0qqqdn0qqqd.png using Guid(64b78dd9c81f40d4583ea50e9bdeb316) Importer(2089858483,b0f066a214c2f5e87bad3c948f4d605d) (ScriptedImporter) -> (artifact id: '651a728c978a293b81d31099dedf86f3') in 0.5378902 seconds
Number of updated asset objects reloaded before import = 0Number of asset objects unloaded after import = 1

========================================================================
Received Import Request.
  Time since last request: 0.000045 seconds.
  path: Assets/Script/PlayerInventoryUI.cs
  artifactKey: Guid(66b1af8d8c8b2864785b0a8164a106ef) Importer(2089858483,b0f066a214c2f5e87bad3c948f4d605d)
Start importing Assets/Script/PlayerInventoryUI.cs using Guid(66b1af8d8c8b2864785b0a8164a106ef) Importer(2089858483,b0f066a214c2f5e87bad3c948f4d605d) (ScriptedImporter) -> (artifact id: '7c9640e979e3b0aadc54433b7d49b9e8') in 0.4267983 seconds
Number of updated asset objects reloaded before import = 0Number of asset objects unloaded after import = 0

========================================================================
Received Import Request.
  Time since last request: 0.000054 seconds.
  path: Assets/Assets/material/NewLayer 3.terrainlayer
  artifactKey: Guid(55ed631d25caeb84790654df7f2aa14d) Importer(2089858483,b0f066a214c2f5e87bad3c948f4d605d)
Start importing Assets/Assets/material/NewLayer 3.terrainlayer using Guid(55ed631d25caeb84790654df7f2aa14d) Importer(2089858483,b0f066a214c2f5e87bad3c948f4d605d) (ScriptedImporter) -> (artifact id: '4a48ae6a3870708c1ff0922cde3d554b') in 0.059067 seconds
Number of updated asset objects reloaded before import = 0Number of asset objects unloaded after import = 1

========================================================================
Received Import Request.
  Time since last request: 0.000025 seconds.
  path: Assets/TextMesh Pro/Shaders/SDFFunctions.hlsl
  artifactKey: Guid(96de908384869cd409c75efa351d5edf) Importer(2089858483,b0f066a214c2f5e87bad3c948f4d605d)
Start importing Assets/TextMesh Pro/Shaders/SDFFunctions.hlsl using Guid(96de908384869cd409c75efa351d5edf) Importer(2089858483,b0f066a214c2f5e87bad3c948f4d605d) (ScriptedImporter) -> (artifact id: 'c4d5064e5294700bec13be92b3e08f27') in 0.8280637 seconds
Number of updated asset objects reloaded before import = 0Number of asset objects unloaded after import = 1

========================================================================
Received Import Request.
  Time since last request: 0.000058 seconds.
  path: Assets/Assets/SimpleNaturePack/Models/Ground_01.fbx
  artifactKey: Guid(d4ad967689295ba4eaf8baeaebc8721b) Importer(2089858483,b0f066a214c2f5e87bad3c948f4d605d)
Start importing Assets/Assets/SimpleNaturePack/Models/Ground_01.fbx using Guid(d4ad967689295ba4eaf8baeaebc8721b) Importer(2089858483,b0f066a214c2f5e87bad3c948f4d605d) (ScriptedImporter) -> (artifact id: '80e8fb971a39c52b239a91b53718ee8e') in 1.7273466 seconds
Number of updated asset objects reloaded before import = 0Number of asset objects unloaded after import = 7

========================================================================
Received Import Request.
  Time since last request: 0.000066 seconds.
  path: Assets/Script/ResourcePickup.cs
  artifactKey: Guid(9582de4e22b0f7940a50dc9a1664506d) Importer(2089858483,b0f066a214c2f5e87bad3c948f4d605d)
Start importing Assets/Script/ResourcePickup.cs using Guid(9582de4e22b0f7940a50dc9a1664506d) Importer(2089858483,b0f066a214c2f5e87bad3c948f4d605d) (ScriptedImporter) -> (artifact id: '1f6afa6a7e7a67b14884ab2c2f05af0a') in 0.6399301 seconds
Number of updated asset objects reloaded before import = 0Number of asset objects unloaded after import = 0

========================================================================
Received Import Request.
  Time since last request: 0.000045 seconds.
  path: Assets/Assets/SimpleNaturePack/Models/Tree_01.fbx
  artifactKey: Guid(6c7eaede4efc960409fb9ef2dfb77f29) Importer(2089858483,b0f066a214c2f5e87bad3c948f4d605d)
Start importing Assets/Assets/SimpleNaturePack/Models/Tree_01.fbx using Guid(6c7eaede4efc960409fb9ef2dfb77f29) Importer(2089858483,b0f066a214c2f5e87bad3c948f4d605d) (ScriptedImporter) -> (artifact id: 'c41396588c4fb603b9996cc7ff757266') in 2.2199524 seconds
Number of updated asset objects reloaded before import = 0Number of asset objects unloaded after import = 15

========================================================================
Received Import Request.
  Time since last request: 0.000081 seconds.
  path: Assets/Assets/SimpleNaturePack/Models/Tree_05.fbx
  artifactKey: Guid(603970f97e50c56488ec3c5a6febd940) Importer(2089858483,b0f066a214c2f5e87bad3c948f4d605d)
Start importing Assets/Assets/SimpleNaturePack/Models/Tree_05.fbx using Guid(603970f97e50c56488ec3c5a6febd940) Importer(2089858483,b0f066a214c2f5e87bad3c948f4d605d) (ScriptedImporter) -> (artifact id: '7a6adb848101bb847ac181acec685c6f') in 0.1974545 seconds
Number of updated asset objects reloaded before import = 0Number of asset objects unloaded after import = 15

========================================================================
Received Import Request.
  Time since last request: 0.000086 seconds.
  path: Assets/Assets/SimpleNaturePack/Prefabs/Grass_02.prefab
  artifactKey: Guid(ffbddc4ef9676cc419e81e06aaa836d8) Importer(2089858483,b0f066a214c2f5e87bad3c948f4d605d)
Start importing Assets/Assets/SimpleNaturePack/Prefabs/Grass_02.prefab using Guid(ffbddc4ef9676cc419e81e06aaa836d8) Importer(2089858483,b0f066a214c2f5e87bad3c948f4d605d) (ScriptedImporter) -> (artifact id: '9d33a38d639024f191bfbf2628ebdaad') in 0.2478433 seconds
Number of updated asset objects reloaded before import = 0Number of asset objects unloaded after import = 16

========================================================================
Received Import Request.
  Time since last request: 0.000077 seconds.
  path: Assets/Assets/SimpleNaturePack/Models/Stump_01.fbx
  artifactKey: Guid(768be665aba8b4e4aae7a973ae9616cf) Importer(2089858483,b0f066a214c2f5e87bad3c948f4d605d)
Start importing Assets/Assets/SimpleNaturePack/Models/Stump_01.fbx using Guid(768be665aba8b4e4aae7a973ae9616cf) Importer(2089858483,b0f066a214c2f5e87bad3c948f4d605d) (ScriptedImporter) -> (artifact id: '0b219d6eb0ab1b4922e8c9bbd3a97c6e') in 0.1979435 seconds
Number of updated asset objects reloaded before import = 0Number of asset objects unloaded after import = 15

========================================================================
Received Import Request.
  Time since last request: 0.000043 seconds.
  path: Assets/Items/axe.asset
  artifactKey: Guid(882084d8a78aeb941bb3d0ceaaff8198) Importer(2089858483,b0f066a214c2f5e87bad3c948f4d605d)
Start importing Assets/Items/axe.asset using Guid(882084d8a78aeb941bb3d0ceaaff8198) Importer(2089858483,b0f066a214c2f5e87bad3c948f4d605d) (ScriptedImporter) -> (artifact id: '657bf92ffe20d704b643de2e52afaee0') in 0.2584718 seconds
Number of updated asset objects reloaded before import = 0Number of asset objects unloaded after import = 2

========================================================================
Received Import Request.
  Time since last request: 0.000063 seconds.
  path: Assets/Assets/SimpleNaturePack/Prefabs/Flowers_02.prefab
  artifactKey: Guid(299e7a1cb6456cf4fa6079cf5978df9b) Importer(2089858483,b0f066a214c2f5e87bad3c948f4d605d)
Start importing Assets/Assets/SimpleNaturePack/Prefabs/Flowers_02.prefab using Guid(299e7a1cb6456cf4fa6079cf5978df9b) Importer(2089858483,b0f066a214c2f5e87bad3c948f4d605d) (ScriptedImporter) -> (artifact id: '2d2511582cd191eb74d6f4339893ef49') in 0.1110777 seconds
Number of updated asset objects reloaded before import = 0Number of asset objects unloaded after import = 16

========================================================================
Received Import Request.
  Time since last request: 0.000046 seconds.
  path: Assets/Assets/OptionBackGround.jpg
  artifactKey: Guid(3248d01527565ae469cff07efc96f390) Importer(2089858483,b0f066a214c2f5e87bad3c948f4d605d)
Start importing Assets/Assets/OptionBackGround.jpg using Guid(3248d01527565ae469cff07efc96f390) Importer(2089858483,b0f066a214c2f5e87bad3c948f4d605d) (ScriptedImporter) -> (artifact id: 'af6ea96707ff8a7d82144395edd0f374') in 0.384651 seconds
Number of updated asset objects reloaded before import = 0Number of asset objects unloaded after import = 3

========================================================================
Received Import Request.
  Time since last request: 0.000060 seconds.
  path: Assets/TextMesh Pro/Fonts/LiberationSans - OFL.txt
  artifactKey: Guid(6e59c59b81ab47f9b6ec5781fa725d2c) Importer(2089858483,b0f066a214c2f5e87bad3c948f4d605d)
Start importing Assets/TextMesh Pro/Fonts/LiberationSans - OFL.txt using Guid(6e59c59b81ab47f9b6ec5781fa725d2c) Importer(2089858483,b0f066a214c2f5e87bad3c948f4d605d) (ScriptedImporter) -> (artifact id: '08ad47c71c7246b9fdc0c1754ed9fefc') in 0.0956911 seconds
Number of updated asset objects reloaded before import = 0Number of asset objects unloaded after import = 1

========================================================================
Received Import Request.
  Time since last request: 0.000039 seconds.
  path: Assets/Settings/PC_Renderer.asset
  artifactKey: Guid(f288ae1f4751b564a96ac7587541f7a2) Importer(2089858483,b0f066a214c2f5e87bad3c948f4d605d)
Start importing Assets/Settings/PC_Renderer.asset using Guid(f288ae1f4751b564a96ac7587541f7a2) Importer(2089858483,b0f066a214c2f5e87bad3c948f4d605d) (ScriptedImporter) -> (artifact id: '358cfd7c9d0257fb3376844ac0784389') in 0.2657908 seconds
Number of updated asset objects reloaded before import = 0Number of asset objects unloaded after import = 1

========================================================================
Received Import Request.
  Time since last request: 0.000056 seconds.
  path: Assets/Assets/model_3D/Idle.fbx
  artifactKey: Guid(ecf88a06d3f6c91419318c92bec92dc3) Importer(2089858483,b0f066a214c2f5e87bad3c948f4d605d)
Start importing Assets/Assets/model_3D/Idle.fbx using Guid(ecf88a06d3f6c91419318c92bec92dc3) Importer(2089858483,b0f066a214c2f5e87bad3c948f4d605d) (ScriptedImporter) -> (artifact id: 'bbc32eec78660eb10858abfc2f2e254b') in 0.4209027 seconds
Number of updated asset objects reloaded before import = 0Number of asset objects unloaded after import = 93

========================================================================
Received Import Request.
  Time since last request: 0.000046 seconds.
  path: Assets/Assets/model_3D/nha_la_2.glb
  artifactKey: Guid(4ff5c5dc0b219494a972aa9949b7081c) Importer(2089858483,b0f066a214c2f5e87bad3c948f4d605d)
Start importing Assets/Assets/model_3D/nha_la_2.glb using Guid(4ff5c5dc0b219494a972aa9949b7081c) Importer(2089858483,b0f066a214c2f5e87bad3c948f4d605d) (ScriptedImporter) -> (artifact id: '2016bb3af788412278ced43b92778142') in 4.6154974 seconds
Number of updated asset objects reloaded before import = 0Number of asset objects unloaded after import = 18

========================================================================
Received Import Request.
  Time since last request: 0.000075 seconds.
  path: Assets/TextMesh Pro/Shaders/TMP_SDF-Surface-Mobile.shader
  artifactKey: Guid(85187c2149c549c5b33f0cdb02836b17) Importer(2089858483,b0f066a214c2f5e87bad3c948f4d605d)
Start importing Assets/TextMesh Pro/Shaders/TMP_SDF-Surface-Mobile.shader using Guid(85187c2149c549c5b33f0cdb02836b17) Importer(2089858483,b0f066a214c2f5e87bad3c948f4d605d) (ScriptedImporter) -> (artifact id: '15b0b338b7ea136be9b0dcd40b598f6d') in 1.2312131 seconds
Number of updated asset objects reloaded before import = 0Number of asset objects unloaded after import = 1

========================================================================
Received Import Request.
  Time since last request: 0.000581 seconds.
  path: Assets/Assets/SimpleNaturePack/Models/Ground_02.fbx
  artifactKey: Guid(57d3eed6d2253d24994d5ad37e00aedc) Importer(2089858483,b0f066a214c2f5e87bad3c948f4d605d)
Start importing Assets/Assets/SimpleNaturePack/Models/Ground_02.fbx using Guid(57d3eed6d2253d24994d5ad37e00aedc) Importer(2089858483,b0f066a214c2f5e87bad3c948f4d605d) (ScriptedImporter) -> (artifact id: '0052a406b9908e35d52207e4cb6fed7a') in 0.368466 seconds
Number of updated asset objects reloaded before import = 0Number of asset objects unloaded after import = 7

========================================================================
Received Import Request.
  Time since last request: 0.000051 seconds.
  path: Assets/Items/water.png
  artifactKey: Guid(85821bc0ce89d4c4dbcb8ccbf8b6a77a) Importer(2089858483,b0f066a214c2f5e87bad3c948f4d605d)
Start importing Assets/Items/water.png using Guid(85821bc0ce89d4c4dbcb8ccbf8b6a77a) Importer(2089858483,b0f066a214c2f5e87bad3c948f4d605d) (ScriptedImporter) -> (artifact id: 'a6913b445d969667061729a7f1a506f9') in 1.3698224 seconds
Number of updated asset objects reloaded before import = 0Number of asset objects unloaded after import = 3

========================================================================
Received Import Request.
  Time since last request: 0.000044 seconds.
  path: Assets/Assets/ToonTastic - Vegetation & Plants/Models/reeds.fbx
  artifactKey: Guid(afc23a60aa515db4db96b3c55dd97e2d) Importer(2089858483,b0f066a214c2f5e87bad3c948f4d605d)
Start importing Assets/Assets/ToonTastic - Vegetation & Plants/Models/reeds.fbx using Guid(afc23a60aa515db4db96b3c55dd97e2d) Importer(2089858483,b0f066a214c2f5e87bad3c948f4d605d) (ScriptedImporter) -> (artifact id: '78df616bbcd6b0ec92b16f12563b0183') in 2.9651775 seconds
Number of updated asset objects reloaded before import = 0Number of asset objects unloaded after import = 14

========================================================================
Received Import Request.
  Time since last request: 0.000061 seconds.
  path: Assets/Assets/ToonTastic - Vegetation & Plants/Prefabs/sunflower.prefab
  artifactKey: Guid(6b1899bfd265594449eff0f595aa1a7a) Importer(2089858483,b0f066a214c2f5e87bad3c948f4d605d)
Start importing Assets/Assets/ToonTastic - Vegetation & Plants/Prefabs/sunflower.prefab using Guid(6b1899bfd265594449eff0f595aa1a7a) Importer(2089858483,b0f066a214c2f5e87bad3c948f4d605d) (ScriptedImporter) -> (artifact id: '409b060c6744b35e454d6391d580abdd') in 1.3612716 seconds
Number of updated asset objects reloaded before import = 0Number of asset objects unloaded after import = 14

========================================================================
Received Import Request.
  Time since last request: 0.000319 seconds.
  path: Assets/Assets/SimpleNaturePack/Models/Tree_03.fbx
  artifactKey: Guid(69f0af3a0a6c73b4ab4b89eb82cdc488) Importer(2089858483,b0f066a214c2f5e87bad3c948f4d605d)
Start importing Assets/Assets/SimpleNaturePack/Models/Tree_03.fbx using Guid(69f0af3a0a6c73b4ab4b89eb82cdc488) Importer(2089858483,b0f066a214c2f5e87bad3c948f4d605d) (ScriptedImporter) -> (artifact id: 'f71413e908dd584da21c7ddb2d11f3db') in 1.4072106 seconds
Number of updated asset objects reloaded before import = 0Number of asset objects unloaded after import = 15

========================================================================
Received Import Request.
  Time since last request: 0.000113 seconds.
  path: Assets/Assets/SimpleNaturePack/Textures/NewLayer 1.terrainlayer
  artifactKey: Guid(aa2270e3fc347734f860a9202e70d553) Importer(2089858483,b0f066a214c2f5e87bad3c948f4d605d)
Start importing Assets/Assets/SimpleNaturePack/Textures/NewLayer 1.terrainlayer using Guid(aa2270e3fc347734f860a9202e70d553) Importer(2089858483,b0f066a214c2f5e87bad3c948f4d605d) (ScriptedImporter) -> (artifact id: 'b125a63a6756ffdd4e7a319c6a09fdc5') in 0.195725 seconds
Number of updated asset objects reloaded before import = 0Number of asset objects unloaded after import = 2

========================================================================
Received Import Request.
  Time since last request: 0.000058 seconds.
  path: Assets/Items/rice.asset
  artifactKey: Guid(10b1d25f7cc43074180979d8734f4857) Importer(2089858483,b0f066a214c2f5e87bad3c948f4d605d)
Start importing Assets/Items/rice.asset using Guid(10b1d25f7cc43074180979d8734f4857) Importer(2089858483,b0f066a214c2f5e87bad3c948f4d605d) (ScriptedImporter) -> (artifact id: 'ec1ad9a8aaad306028d7735c7de04193') in 0.1471183 seconds
Number of updated asset objects reloaded before import = 0Number of asset objects unloaded after import = 2

========================================================================
Received Import Request.
  Time since last request: 0.000073 seconds.
  path: Assets/Assets/material/mud_04.jpg
  artifactKey: Guid(8f495474b2f6dc04d9f06e7a8fbff266) Importer(2089858483,b0f066a214c2f5e87bad3c948f4d605d)
Start importing Assets/Assets/material/mud_04.jpg using Guid(8f495474b2f6dc04d9f06e7a8fbff266) Importer(2089858483,b0f066a214c2f5e87bad3c948f4d605d) (ScriptedImporter) -> (artifact id: 'a4cfa6854dea47a406ac36439e4fb889') in 0.1737678 seconds
Number of updated asset objects reloaded before import = 0Number of asset objects unloaded after import = 1

========================================================================
Received Import Request.
  Time since last request: 0.000049 seconds.
  path: Assets/Assets/IgniteCoders/Simple Water Shader/Prefabs/WaterBlock_50m.prefab
  artifactKey: Guid(7097ba7ba649e1f41bba232312bdcbd8) Importer(2089858483,b0f066a214c2f5e87bad3c948f4d605d)
Start importing Assets/Assets/IgniteCoders/Simple Water Shader/Prefabs/WaterBlock_50m.prefab using Guid(7097ba7ba649e1f41bba232312bdcbd8) Importer(2089858483,b0f066a214c2f5e87bad3c948f4d605d) (ScriptedImporter) -> (artifact id: '6f4576544dd584b6d21d11e6caa56364') in 0.399895 seconds
Number of updated asset objects reloaded before import = 0Number of asset objects unloaded after import = 8

========================================================================
Received Import Request.
  Time since last request: 0.000068 seconds.
  path: Assets/Script/MainMenu.cs
  artifactKey: Guid(9ad371b0330c7df42a19b8a47045233f) Importer(2089858483,b0f066a214c2f5e87bad3c948f4d605d)
Start importing Assets/Script/MainMenu.cs using Guid(9ad371b0330c7df42a19b8a47045233f) Importer(2089858483,b0f066a214c2f5e87bad3c948f4d605d) (ScriptedImporter) -> (artifact id: 'a0cba330b9130e35af82a7864effcecb') in 0.0546384 seconds
Number of updated asset objects reloaded before import = 0Number of asset objects unloaded after import = 0

========================================================================
Received Import Request.
  Time since last request: 0.000060 seconds.
  path: Assets/Assets/IgniteCoders/Simple Water Shader/Resources/WaterSurface_single.tif
  artifactKey: Guid(11154d936b05e66498f68fa178c5cfbb) Importer(2089858483,b0f066a214c2f5e87bad3c948f4d605d)
Start importing Assets/Assets/IgniteCoders/Simple Water Shader/Resources/WaterSurface_single.tif using Guid(11154d936b05e66498f68fa178c5cfbb) Importer(2089858483,b0f066a214c2f5e87bad3c948f4d605d) (ScriptedImporter) -> (artifact id: '8d75ad1dca42a45c63dd5f0d83b93660') in 0.4925001 seconds
Number of updated asset objects reloaded before import = 0Number of asset objects unloaded after import = 1

========================================================================
Received Import Request.
  Time since last request: 0.000067 seconds.
  path: Assets/Assets/ToonTastic - Vegetation & Plants/Demo/Materials/Blue.mat
  artifactKey: Guid(5e97329350fc1334c965fdc5cdc14a13) Importer(2089858483,b0f066a214c2f5e87bad3c948f4d605d)
Start importing Assets/Assets/ToonTastic - Vegetation & Plants/Demo/Materials/Blue.mat using Guid(5e97329350fc1334c965fdc5cdc14a13) Importer(2089858483,b0f066a214c2f5e87bad3c948f4d605d) (ScriptedImporter) -> (artifact id: '5ca3d60f066c2cebb8ad6cfe503dfdf6') in 0.3239973 seconds
Number of updated asset objects reloaded before import = 0Number of asset objects unloaded after import = 1

========================================================================
Received Import Request.
  Time since last request: 0.000046 seconds.
  path: Assets/Assets/ToonTastic - Vegetation & Plants/Demo/Materials/Orange.mat
  artifactKey: Guid(41d786187361aa041bb33ce36245c91f) Importer(2089858483,b0f066a214c2f5e87bad3c948f4d605d)
Start importing Assets/Assets/ToonTastic - Vegetation & Plants/Demo/Materials/Orange.mat using Guid(41d786187361aa041bb33ce36245c91f) Importer(2089858483,b0f066a214c2f5e87bad3c948f4d605d) (ScriptedImporter) -> (artifact id: '3f14a403173557d0d4dbac8f30c4cf2f') in 0.0796282 seconds
Number of updated asset objects reloaded before import = 0Number of asset objects unloaded after import = 1

========================================================================
Received Import Request.
  Time since last request: 0.000175 seconds.
  path: Assets/Assets/ToonTastic - Vegetation & Plants/Demo/Materials/Pink.mat
  artifactKey: Guid(5e343b3b946247d469958a27e94baa86) Importer(2089858483,b0f066a214c2f5e87bad3c948f4d605d)
Start importing Assets/Assets/ToonTastic - Vegetation & Plants/Demo/Materials/Pink.mat using Guid(5e343b3b946247d469958a27e94baa86) Importer(2089858483,b0f066a214c2f5e87bad3c948f4d605d) (ScriptedImporter) -> (artifact id: '30aeb3eae0147343df294b65e7bd1803') in 0.0919332 seconds
Number of updated asset objects reloaded before import = 0Number of asset objects unloaded after import = 1

========================================================================
Received Import Request.
  Time since last request: 0.000045 seconds.
  path: Assets/Assets/ToonTastic - Vegetation & Plants/Demo/Materials/Skybox.mat
  artifactKey: Guid(6dba738f6e7991b4d847ff8b40817912) Importer(2089858483,b0f066a214c2f5e87bad3c948f4d605d)
Start importing Assets/Assets/ToonTastic - Vegetation & Plants/Demo/Materials/Skybox.mat using Guid(6dba738f6e7991b4d847ff8b40817912) Importer(2089858483,b0f066a214c2f5e87bad3c948f4d605d) (ScriptedImporter) -> (artifact id: 'e9ef92287d8baf89e2ec634ee2bfc658') in 0.2451191 seconds
Number of updated asset objects reloaded before import = 0Number of asset objects unloaded after import = 1

========================================================================
Received Import Request.
  Time since last request: 0.000048 seconds.
  path: Assets/Assets/ToonTastic - Vegetation & Plants/Demo/Materials/Snow.mat
  artifactKey: Guid(afa4b5a4c0a573a479645a972aa94319) Importer(2089858483,b0f066a214c2f5e87bad3c948f4d605d)
Start importing Assets/Assets/ToonTastic - Vegetation & Plants/Demo/Materials/Snow.mat using Guid(afa4b5a4c0a573a479645a972aa94319) Importer(2089858483,b0f066a214c2f5e87bad3c948f4d605d) (ScriptedImporter) -> (artifact id: '77e65bda23be955ee2d3a578fd87aa79') in 0.9933359 seconds
Number of updated asset objects reloaded before import = 0Number of asset objects unloaded after import = 1

========================================================================
Received Import Request.
  Time since last request: 0.000043 seconds.
  path: Assets/Assets/ToonTastic - Vegetation & Plants/Demo/Models/ground2.fbx
  artifactKey: Guid(204c471bac201db4eba11a39b20759df) Importer(2089858483,b0f066a214c2f5e87bad3c948f4d605d)
Start importing Assets/Assets/ToonTastic - Vegetation & Plants/Demo/Models/ground2.fbx using Guid(204c471bac201db4eba11a39b20759df) Importer(2089858483,b0f066a214c2f5e87bad3c948f4d605d) (ScriptedImporter) -> (artifact id: '4e365bc23cbcc8fe2144714d1cbbad82') in 1.4644425 seconds
Number of updated asset objects reloaded before import = 0Number of asset objects unloaded after import = 7

========================================================================
Received Import Request.
  Time since last request: 0.000062 seconds.
  path: Assets/Assets/ToonTastic - Vegetation & Plants/Demo/Scenes/Demo.unity
  artifactKey: Guid(85250047d6c671f468c15ddc492a1d78) Importer(2089858483,b0f066a214c2f5e87bad3c948f4d605d)
Start importing Assets/Assets/ToonTastic - Vegetation & Plants/Demo/Scenes/Demo.unity using Guid(85250047d6c671f468c15ddc492a1d78) Importer(2089858483,b0f066a214c2f5e87bad3c948f4d605d) (ScriptedImporter) -> (artifact id: 'cd089e22f276ec9a25d26ecbf95b8538') in 1.6126421 seconds
Number of updated asset objects reloaded before import = 0Number of asset objects unloaded after import = 1

========================================================================
Received Import Request.
  Time since last request: 0.000042 seconds.
  path: Assets/Assets/SimpleNaturePack/Textures/NewLayer.terrainlayer
  artifactKey: Guid(30ba7261e0f20ed48bb146f1dc590aae) Importer(2089858483,b0f066a214c2f5e87bad3c948f4d605d)
Start importing Assets/Assets/SimpleNaturePack/Textures/NewLayer.terrainlayer using Guid(30ba7261e0f20ed48bb146f1dc590aae) Importer(2089858483,b0f066a214c2f5e87bad3c948f4d605d) (ScriptedImporter) -> (artifact id: 'eb547bcc8d4f09eb9e06d6de9bcc4a52') in 0.0829671 seconds
Number of updated asset objects reloaded before import = 0Number of asset objects unloaded after import = 1

========================================================================
Received Import Request.
  Time since last request: 0.000055 seconds.
  path: Assets/Assets/ToonTastic - Vegetation & Plants/Materials/Trees/Tree_Blue.mat
  artifactKey: Guid(9f74bdde84b98b343b12f6dad8f14b48) Importer(2089858483,b0f066a214c2f5e87bad3c948f4d605d)
Start importing Assets/Assets/ToonTastic - Vegetation & Plants/Materials/Trees/Tree_Blue.mat using Guid(9f74bdde84b98b343b12f6dad8f14b48) Importer(2089858483,b0f066a214c2f5e87bad3c948f4d605d) (ScriptedImporter) -> (artifact id: '465f5ec7602287915ba5615a8892376e') in 1.0394382 seconds
Number of updated asset objects reloaded before import = 0Number of asset objects unloaded after import = 2

========================================================================
Received Import Request.
  Time since last request: 0.000040 seconds.
  path: Assets/TextMesh Pro/Sprites/EmojiOne.png
  artifactKey: Guid(dffef66376be4fa480fb02b19edbe903) Importer(2089858483,b0f066a214c2f5e87bad3c948f4d605d)
Start importing Assets/TextMesh Pro/Sprites/EmojiOne.png using Guid(dffef66376be4fa480fb02b19edbe903) Importer(2089858483,b0f066a214c2f5e87bad3c948f4d605d) (ScriptedImporter) -> (artifact id: 'fdace321aa991382e3e97c85e6710359') in 1.3808486 seconds
Number of updated asset objects reloaded before import = 0Number of asset objects unloaded after import = 1

========================================================================
Received Import Request.
  Time since last request: 0.000050 seconds.
  path: Assets/Assets/ToonTastic - Vegetation & Plants/Materials/Trees/Tree_Orange.mat
  artifactKey: Guid(be9676c7a54f40747bc9346dac7933fe) Importer(2089858483,b0f066a214c2f5e87bad3c948f4d605d)
Start importing Assets/Assets/ToonTastic - Vegetation & Plants/Materials/Trees/Tree_Orange.mat using Guid(be9676c7a54f40747bc9346dac7933fe) Importer(2089858483,b0f066a214c2f5e87bad3c948f4d605d) (ScriptedImporter) -> (artifact id: '15a8f0ba9bfa9f521fb8c3ef36c9b482') in 0.8498296 seconds
Number of updated asset objects reloaded before import = 0Number of asset objects unloaded after import = 2

========================================================================
Received Import Request.
  Time since last request: 0.000045 seconds.
  path: Assets/Assets/ToonTastic - Vegetation & Plants/Materials/Trees/Tree_Red.mat
  artifactKey: Guid(716894934161a9743a9b36ca1870436e) Importer(2089858483,b0f066a214c2f5e87bad3c948f4d605d)
Start importing Assets/Assets/ToonTastic - Vegetation & Plants/Materials/Trees/Tree_Red.mat using Guid(716894934161a9743a9b36ca1870436e) Importer(2089858483,b0f066a214c2f5e87bad3c948f4d605d) (ScriptedImporter) -> (artifact id: 'ce0f8d3536f9f0483c7b1911479661d4') in 0.953543 seconds
Number of updated asset objects reloaded before import = 0Number of asset objects unloaded after import = 2

========================================================================
Received Import Request.
  Time since last request: 0.000065 seconds.
  path: Assets/Assets/ToonTastic - Vegetation & Plants/Prefabs/Bamboo/bamboo.prefab
  artifactKey: Guid(0992ec996e787004cba2baabb213b4af) Importer(2089858483,b0f066a214c2f5e87bad3c948f4d605d)
Start importing Assets/Assets/ToonTastic - Vegetation & Plants/Prefabs/Bamboo/bamboo.prefab using Guid(0992ec996e787004cba2baabb213b4af) Importer(2089858483,b0f066a214c2f5e87bad3c948f4d605d) (ScriptedImporter) -> (artifact id: 'e3a07158ac610d3ddc77ef4208f28ff9') in 0.7920555 seconds
Number of updated asset objects reloaded before import = 0Number of asset objects unloaded after import = 41

========================================================================
Received Import Request.
  Time since last request: 0.000040 seconds.
  path: Assets/Assets/SimpleNaturePack/Textures/NewLayer 3.terrainlayer
  artifactKey: Guid(bdf521788e1d8224eb1d79d9a475fa96) Importer(2089858483,b0f066a214c2f5e87bad3c948f4d605d)
Start importing Assets/Assets/SimpleNaturePack/Textures/NewLayer 3.terrainlayer using Guid(bdf521788e1d8224eb1d79d9a475fa96) Importer(2089858483,b0f066a214c2f5e87bad3c948f4d605d) (ScriptedImporter) -> (artifact id: '988ab1e1c27031d100280874e15cc650') in 0.3044652 seconds
Number of updated asset objects reloaded before import = 0Number of asset objects unloaded after import = 2

========================================================================
Received Import Request.
  Time since last request: 0.000061 seconds.
  path: Assets/Assets/ToonTastic - Vegetation & Plants/Prefabs/Reeds/reed_single.prefab
  artifactKey: Guid(afeab98dd8b71b44e88918cd5c206aec) Importer(2089858483,b0f066a214c2f5e87bad3c948f4d605d)
Start importing Assets/Assets/ToonTastic - Vegetation & Plants/Prefabs/Reeds/reed_single.prefab using Guid(afeab98dd8b71b44e88918cd5c206aec) Importer(2089858483,b0f066a214c2f5e87bad3c948f4d605d) (ScriptedImporter) -> (artifact id: '76e49444b4bd38d2ff0e639d50c2cdb4') in 0.2508869 seconds
Number of updated asset objects reloaded before import = 0Number of asset objects unloaded after import = 8

========================================================================
Received Import Request.
  Time since last request: 0.000157 seconds.
  path: Assets/TextMesh Pro/Resources/Fonts & Materials/LiberationSans SDF - Outline.mat
  artifactKey: Guid(79459efec17a4d00a321bdcc27bbc385) Importer(2089858483,b0f066a214c2f5e87bad3c948f4d605d)
Start importing Assets/TextMesh Pro/Resources/Fonts & Materials/LiberationSans SDF - Outline.mat using Guid(79459efec17a4d00a321bdcc27bbc385) Importer(2089858483,b0f066a214c2f5e87bad3c948f4d605d) (ScriptedImporter) -> (artifact id: 'a52d13873541b482f355e55b3a743f47') in 0.0846566 seconds
Number of updated asset objects reloaded before import = 0Number of asset objects unloaded after import = 2

========================================================================
Received Import Request.
  Time since last request: 0.000072 seconds.
  path: Assets/Assets/SimpleNaturePack/Textures/NewLayer 4.terrainlayer
  artifactKey: Guid(62350b5fc6a5f5844b3446ecabf124f4) Importer(2089858483,b0f066a214c2f5e87bad3c948f4d605d)
Start importing Assets/Assets/SimpleNaturePack/Textures/NewLayer 4.terrainlayer using Guid(62350b5fc6a5f5844b3446ecabf124f4) Importer(2089858483,b0f066a214c2f5e87bad3c948f4d605d) (ScriptedImporter) -> (artifact id: 'd657406617fed86aca77d52c93b651f9') in 0.2427439 seconds
Number of updated asset objects reloaded before import = 0Number of asset objects unloaded after import = 2

========================================================================
Received Import Request.
  Time since last request: 0.000065 seconds.
  path: Assets/Assets/ToonTastic - Vegetation & Plants/Prefabs/Trees/Capsulıc/tree_3_mid.prefab
  artifactKey: Guid(a140fcf3354ffb94da005a76f7cabdab) Importer(2089858483,b0f066a214c2f5e87bad3c948f4d605d)
Start importing Assets/Assets/ToonTastic - Vegetation & Plants/Prefabs/Trees/Capsulıc/tree_3_mid.prefab using Guid(a140fcf3354ffb94da005a76f7cabdab) Importer(2089858483,b0f066a214c2f5e87bad3c948f4d605d) (ScriptedImporter) -> (artifact id: '5a7d49cfce4c56439c59b1d99c5ac202') in 0.3157996 seconds
Number of updated asset objects reloaded before import = 0Number of asset objects unloaded after import = 9

========================================================================
Received Import Request.
  Time since last request: 0.000065 seconds.
  path: Assets/Assets/ToonTastic - Vegetation & Plants/Prefabs/Mushrooms/Green/mushroom_green_multiple.prefab
  artifactKey: Guid(4a13f838730d92a4e8385bfb8be25d7f) Importer(2089858483,b0f066a214c2f5e87bad3c948f4d605d)
Start importing Assets/Assets/ToonTastic - Vegetation & Plants/Prefabs/Mushrooms/Green/mushroom_green_multiple.prefab using Guid(4a13f838730d92a4e8385bfb8be25d7f) Importer(2089858483,b0f066a214c2f5e87bad3c948f4d605d) (ScriptedImporter) -> (artifact id: '466beac8734ed8673105dc51f7d1ce53') in 0.1724337 seconds
Number of updated asset objects reloaded before import = 0Number of asset objects unloaded after import = 8

========================================================================
Received Import Request.
  Time since last request: 0.000143 seconds.
  path: Assets/Assets/IgniteCoders/Simple Water Shader/Resources/WaterReflection.cs
  artifactKey: Guid(dfbe97460f8acd1488a82178305cdf59) Importer(2089858483,b0f066a214c2f5e87bad3c948f4d605d)
Start importing Assets/Assets/IgniteCoders/Simple Water Shader/Resources/WaterReflection.cs using Guid(dfbe97460f8acd1488a82178305cdf59) Importer(2089858483,b0f066a214c2f5e87bad3c948f4d605d) (ScriptedImporter) -> (artifact id: 'c07f1063c04f2a952343c54328756dc2') in 0.0479827 seconds
Number of updated asset objects reloaded before import = 0Number of asset objects unloaded after import = 0

========================================================================
Received Import Request.
  Time since last request: 0.000065 seconds.
  path: Assets/Assets/IgniteCoders/Simple Water Shader/Resources/WaterShader.shadergraph
  artifactKey: Guid(dd97de70edf8a4141bee758a2efe7ff8) Importer(2089858483,b0f066a214c2f5e87bad3c948f4d605d)
Start importing Assets/Assets/IgniteCoders/Simple Water Shader/Resources/WaterShader.shadergraph using Guid(dd97de70edf8a4141bee758a2efe7ff8) Importer(2089858483,b0f066a214c2f5e87bad3c948f4d605d) (ScriptedImporter) -> (artifact id: '9b0cf9d2efd4b1259b05570e0c583783') in 0.093133 seconds
Number of updated asset objects reloaded before import = 0Number of asset objects unloaded after import = 7

========================================================================
Received Import Request.
  Time since last request: 0.000047 seconds.
  path: Assets/Assets/ToonTastic - Vegetation & Plants/Prefabs/Trees/Palms/palm_curved.prefab
  artifactKey: Guid(1817a9975b36c7c4e8a45fcee2bc24ee) Importer(2089858483,b0f066a214c2f5e87bad3c948f4d605d)
Start importing Assets/Assets/ToonTastic - Vegetation & Plants/Prefabs/Trees/Palms/palm_curved.prefab using Guid(1817a9975b36c7c4e8a45fcee2bc24ee) Importer(2089858483,b0f066a214c2f5e87bad3c948f4d605d) (ScriptedImporter) -> (artifact id: 'ee9e4d032318f824a652eaa3fbb4ba06') in 0.1567305 seconds
Number of updated asset objects reloaded before import = 0Number of asset objects unloaded after import = 13

========================================================================
Received Import Request.
  Time since last request: 0.000066 seconds.
  path: Assets/Assets/ToonTastic - Vegetation & Plants/Materials/Trees/Tree_Green.mat
  artifactKey: Guid(b425135e77b477942842a334b20fbb7a) Importer(2089858483,b0f066a214c2f5e87bad3c948f4d605d)
Start importing Assets/Assets/ToonTastic - Vegetation & Plants/Materials/Trees/Tree_Green.mat using Guid(b425135e77b477942842a334b20fbb7a) Importer(2089858483,b0f066a214c2f5e87bad3c948f4d605d) (ScriptedImporter) -> (artifact id: 'a76767183c40cc6ef4ab0355acdcffca') in 0.0808515 seconds
Number of updated asset objects reloaded before import = 0Number of asset objects unloaded after import = 2

========================================================================
Received Import Request.
  Time since last request: 0.000116 seconds.
  path: Assets/Assets/ToonTastic - Vegetation & Plants/Prefabs/Trees/Spherical/tree_0_long.prefab
  artifactKey: Guid(ca7044f9448b51e439544c10db6d7de6) Importer(2089858483,b0f066a214c2f5e87bad3c948f4d605d)
Start importing Assets/Assets/ToonTastic - Vegetation & Plants/Prefabs/Trees/Spherical/tree_0_long.prefab using Guid(ca7044f9448b51e439544c10db6d7de6) Importer(2089858483,b0f066a214c2f5e87bad3c948f4d605d) (ScriptedImporter) -> (artifact id: 'f184db8fb168caed4dffaa0a4ffc28dd') in 0.1285925 seconds
Number of updated asset objects reloaded before import = 0Number of asset objects unloaded after import = 9

========================================================================
Received Import Request.
  Time since last request: 0.000059 seconds.
  path: Assets/Assets/ToonTastic - Vegetation & Plants/Prefabs/Trees/Spherical/tree_1_mid.prefab
  artifactKey: Guid(9ef7f2ee7b03bdb40b31218f97c6936b) Importer(2089858483,b0f066a214c2f5e87bad3c948f4d605d)
Start importing Assets/Assets/ToonTastic - Vegetation & Plants/Prefabs/Trees/Spherical/tree_1_mid.prefab using Guid(9ef7f2ee7b03bdb40b31218f97c6936b) Importer(2089858483,b0f066a214c2f5e87bad3c948f4d605d) (ScriptedImporter) -> (artifact id: '0d5389eabc75fb482fc48f51beb2680c') in 0.0546533 seconds
Number of updated asset objects reloaded before import = 0Number of asset objects unloaded after import = 9

========================================================================
Received Import Request.
  Time since last request: 0.000041 seconds.
  path: Assets/Assets/ToonTastic - Vegetation & Plants/Prefabs/Trees/Spherical/tree_2_long.prefab
  artifactKey: Guid(bef352b25cc7d42468167bb4bdbcdbcc) Importer(2089858483,b0f066a214c2f5e87bad3c948f4d605d)
Start importing Assets/Assets/ToonTastic - Vegetation & Plants/Prefabs/Trees/Spherical/tree_2_long.prefab using Guid(bef352b25cc7d42468167bb4bdbcdbcc) Importer(2089858483,b0f066a214c2f5e87bad3c948f4d605d) (ScriptedImporter) -> (artifact id: 'd33509854b95f3d2e6ee0410cf91fdd4') in 0.1079477 seconds
Number of updated asset objects reloaded before import = 0Number of asset objects unloaded after import = 9

========================================================================
Received Import Request.
  Time since last request: 0.002409 seconds.
  path: Assets/Assets/SimpleNaturePack/Scenes/SimpleNaturePack_Overview.unity
  artifactKey: Guid(b818941d93326b949a3840a1d79ea88f) Importer(2089858483,b0f066a214c2f5e87bad3c948f4d605d)
Start importing Assets/Assets/SimpleNaturePack/Scenes/SimpleNaturePack_Overview.unity using Guid(b818941d93326b949a3840a1d79ea88f) Importer(2089858483,b0f066a214c2f5e87bad3c948f4d605d) (ScriptedImporter) -> (artifact id: '8266e69c2e45e3fe03dda1ab5e3698fb') in 0.4682543 seconds
Number of updated asset objects reloaded before import = 0Number of asset objects unloaded after import = 1

========================================================================
Received Import Request.
  Time since last request: 0.000052 seconds.
  path: Assets/Assets/ToonTastic - Vegetation & Plants/Prefabs/Trees/Pines/Orange/tree_pine_short_orange.prefab
  artifactKey: Guid(af4111f626a19c846a7b06a200bf3acf) Importer(2089858483,b0f066a214c2f5e87bad3c948f4d605d)
Start importing Assets/Assets/ToonTastic - Vegetation & Plants/Prefabs/Trees/Pines/Orange/tree_pine_short_orange.prefab using Guid(af4111f626a19c846a7b06a200bf3acf) Importer(2089858483,b0f066a214c2f5e87bad3c948f4d605d) (ScriptedImporter) -> (artifact id: '54feb1b1e5d3b2345526e9842c66bd97') in 0.3334092 seconds
Number of updated asset objects reloaded before import = 0Number of asset objects unloaded after import = 23

========================================================================
Received Import Request.
  Time since last request: 0.000077 seconds.
  path: Assets/Assets/ToonTastic - Vegetation & Plants/Materials/Other/General.mat
  artifactKey: Guid(77e0b06ce21324f41ad1a2105879f748) Importer(2089858483,b0f066a214c2f5e87bad3c948f4d605d)
Start importing Assets/Assets/ToonTastic - Vegetation & Plants/Materials/Other/General.mat using Guid(77e0b06ce21324f41ad1a2105879f748) Importer(2089858483,b0f066a214c2f5e87bad3c948f4d605d) (ScriptedImporter) -> (artifact id: '374faffe1f8f4f805922cefb3b900eb9') in 0.0895697 seconds
Number of updated asset objects reloaded before import = 0Number of asset objects unloaded after import = 2

========================================================================
Received Import Request.
  Time since last request: 0.000084 seconds.
  path: Assets/Assets/ToonTastic - Vegetation & Plants/Models/plant_lilypad.fbx
  artifactKey: Guid(b7e2ec112c8dd444ea054273843f12d7) Importer(2089858483,b0f066a214c2f5e87bad3c948f4d605d)
Start importing Assets/Assets/ToonTastic - Vegetation & Plants/Models/plant_lilypad.fbx using Guid(b7e2ec112c8dd444ea054273843f12d7) Importer(2089858483,b0f066a214c2f5e87bad3c948f4d605d) (ScriptedImporter) -> (artifact id: 'd365364f6d15d6486d31d9a93fbe84c8') in 0.0796848 seconds
Number of updated asset objects reloaded before import = 0Number of asset objects unloaded after import = 14

========================================================================
Received Import Request.
  Time since last request: 0.000067 seconds.
  path: Assets/Assets/ToonTastic - Vegetation & Plants/Models/sunflower.fbx
  artifactKey: Guid(3496aa4ed102b6d4f91425c5540ab55e) Importer(2089858483,b0f066a214c2f5e87bad3c948f4d605d)
Start importing Assets/Assets/ToonTastic - Vegetation & Plants/Models/sunflower.fbx using Guid(3496aa4ed102b6d4f91425c5540ab55e) Importer(2089858483,b0f066a214c2f5e87bad3c948f4d605d) (ScriptedImporter) -> (artifact id: '2c70498ffad63eb294f5e8bf56949150') in 0.0725761 seconds
Number of updated asset objects reloaded before import = 0Number of asset objects unloaded after import = 14

========================================================================
Received Import Request.
  Time since last request: 0.000126 seconds.
  path: Assets/Assets/ToonTastic - Vegetation & Plants/Models/palm.fbx
  artifactKey: Guid(21e8df12c1dd43740bdb4603b8deb93c) Importer(2089858483,b0f066a214c2f5e87bad3c948f4d605d)
Start importing Assets/Assets/ToonTastic - Vegetation & Plants/Models/palm.fbx using Guid(21e8df12c1dd43740bdb4603b8deb93c) Importer(2089858483,b0f066a214c2f5e87bad3c948f4d605d) (ScriptedImporter) -> (artifact id: '2c7036fe706f3c609b7018555da71807') in 0.1275176 seconds
Number of updated asset objects reloaded before import = 0Number of asset objects unloaded after import = 24

========================================================================
Received Import Request.
  Time since last request: 0.000170 seconds.
  path: Assets/Assets/ToonTastic - Vegetation & Plants/Demo/Materials/Sand.mat
  artifactKey: Guid(1385abac5e4efbc40a2240a639917e83) Importer(2089858483,b0f066a214c2f5e87bad3c948f4d605d)
Start importing Assets/Assets/ToonTastic - Vegetation & Plants/Demo/Materials/Sand.mat using Guid(1385abac5e4efbc40a2240a639917e83) Importer(2089858483,b0f066a214c2f5e87bad3c948f4d605d) (ScriptedImporter) -> (artifact id: '7eaae53894fff1b455e67a366bc1035f') in 0.0803132 seconds
Number of updated asset objects reloaded before import = 0Number of asset objects unloaded after import = 1

========================================================================
Received Import Request.
  Time since last request: 0.000045 seconds.
  path: Assets/Assets/SimpleNaturePack/Prefabs/Tree_03.prefab
  artifactKey: Guid(c60edd51c065ceb46b345849a03bc106) Importer(2089858483,b0f066a214c2f5e87bad3c948f4d605d)
Start importing Assets/Assets/SimpleNaturePack/Prefabs/Tree_03.prefab using Guid(c60edd51c065ceb46b345849a03bc106) Importer(2089858483,b0f066a214c2f5e87bad3c948f4d605d) (ScriptedImporter) -> (artifact id: '514790509a3b07a49555761220c2740f') in 0.2385925 seconds
Number of updated asset objects reloaded before import = 0Number of asset objects unloaded after import = 16

========================================================================
Received Import Request.
  Time since last request: 0.000063 seconds.
  path: Assets/Assets/SimpleNaturePack/Prefabs/Bush_01.prefab
  artifactKey: Guid(3cdafb3c2f54d434894928d72d282874) Importer(2089858483,b0f066a214c2f5e87bad3c948f4d605d)
Start importing Assets/Assets/SimpleNaturePack/Prefabs/Bush_01.prefab using Guid(3cdafb3c2f54d434894928d72d282874) Importer(2089858483,b0f066a214c2f5e87bad3c948f4d605d) (ScriptedImporter) -> (artifact id: '7bba78bf06958a66b16ebb9410795b66') in 0.5922575 seconds
Number of updated asset objects reloaded before import = 0Number of asset objects unloaded after import = 16

========================================================================
Received Import Request.
  Time since last request: 0.000067 seconds.
  path: Assets/Assets/SimpleNaturePack/Models/Rock_05.fbx
  artifactKey: Guid(fa2e670bb3648a84b9df8d16da25b85e) Importer(2089858483,b0f066a214c2f5e87bad3c948f4d605d)
Start importing Assets/Assets/SimpleNaturePack/Models/Rock_05.fbx using Guid(fa2e670bb3648a84b9df8d16da25b85e) Importer(2089858483,b0f066a214c2f5e87bad3c948f4d605d) (ScriptedImporter) -> (artifact id: '1df831974d24bdabc0b180096e906bc2') in 0.1492559 seconds
Number of updated asset objects reloaded before import = 0Number of asset objects unloaded after import = 7

========================================================================
Received Import Request.
  Time since last request: 0.000096 seconds.
  path: Assets/TextMesh Pro/Shaders/TMP_SDF-HDRP UNLIT.shadergraph
  artifactKey: Guid(f63d574838ccfb44f84acc05fed0af48) Importer(2089858483,b0f066a214c2f5e87bad3c948f4d605d)
Start importing Assets/TextMesh Pro/Shaders/TMP_SDF-HDRP UNLIT.shadergraph using Guid(f63d574838ccfb44f84acc05fed0af48) Importer(2089858483,b0f066a214c2f5e87bad3c948f4d605d) (ScriptedImporter) -> (artifact id: '16ec2e2524ec70d26e0b56f37af309d5') in 0.2033904 seconds
Number of updated asset objects reloaded before import = 0Number of asset objects unloaded after import = 3

========================================================================
Received Import Request.
  Time since last request: 0.000065 seconds.
  path: Assets/Assets/SimpleNaturePack/Prefabs/Ground_02.prefab
  artifactKey: Guid(e2e682b966e3f644392ffbfab511e0e2) Importer(2089858483,b0f066a214c2f5e87bad3c948f4d605d)
Start importing Assets/Assets/SimpleNaturePack/Prefabs/Ground_02.prefab using Guid(e2e682b966e3f644392ffbfab511e0e2) Importer(2089858483,b0f066a214c2f5e87bad3c948f4d605d) (ScriptedImporter) -> (artifact id: '1cc9104d0ca6899351d419892469f0d4') in 0.2833776 seconds
Number of updated asset objects reloaded before import = 0Number of asset objects unloaded after import = 9

========================================================================
Received Import Request.
  Time since last request: 0.000071 seconds.
  path: Assets/Assets/SimpleNaturePack/Prefabs/Bush_02.prefab
  artifactKey: Guid(b71b0f8d2f881c743a85228f3030d1cb) Importer(2089858483,b0f066a214c2f5e87bad3c948f4d605d)
Start importing Assets/Assets/SimpleNaturePack/Prefabs/Bush_02.prefab using Guid(b71b0f8d2f881c743a85228f3030d1cb) Importer(2089858483,b0f066a214c2f5e87bad3c948f4d605d) (ScriptedImporter) -> (artifact id: 'c22c70ea2efe56a2a674e0186adb9b2e') in 0.1634543 seconds
Number of updated asset objects reloaded before import = 0Number of asset objects unloaded after import = 16

========================================================================
Received Import Request.
  Time since last request: 0.000131 seconds.
  path: Assets/Assets/ToonTastic - Vegetation & Plants/Models/pine.fbx
  artifactKey: Guid(b7ff1d6db53a3da4c8044d84a43f8e3d) Importer(2089858483,b0f066a214c2f5e87bad3c948f4d605d)
Start importing Assets/Assets/ToonTastic - Vegetation & Plants/Models/pine.fbx using Guid(b7ff1d6db53a3da4c8044d84a43f8e3d) Importer(2089858483,b0f066a214c2f5e87bad3c948f4d605d) (ScriptedImporter) -> (artifact id: '6196639b6b9ce47ba6ac2ea5da3825e7') in 0.3666242 seconds
Number of updated asset objects reloaded before import = 0Number of asset objects unloaded after import = 38

========================================================================
Received Import Request.
  Time since last request: 0.000077 seconds.
  path: Assets/TextMesh Pro/Shaders/TMP_SDF-Mobile-2-Pass.shader
  artifactKey: Guid(0178fcb869bafef4690d177d31d17db8) Importer(2089858483,b0f066a214c2f5e87bad3c948f4d605d)
Start importing Assets/TextMesh Pro/Shaders/TMP_SDF-Mobile-2-Pass.shader using Guid(0178fcb869bafef4690d177d31d17db8) Importer(2089858483,b0f066a214c2f5e87bad3c948f4d605d) (ScriptedImporter) -> (artifact id: '40e7d2fe65e5ec7ba7c0666ab1157adf') in 0.2371591 seconds
Number of updated asset objects reloaded before import = 0Number of asset objects unloaded after import = 1

========================================================================
Received Import Request.
  Time since last request: 0.000058 seconds.
  path: Assets/Script/FeedGiong.cs
  artifactKey: Guid(e1489947618c84b4a8ad0f0943c1ef74) Importer(2089858483,b0f066a214c2f5e87bad3c948f4d605d)
Start importing Assets/Script/FeedGiong.cs using Guid(e1489947618c84b4a8ad0f0943c1ef74) Importer(2089858483,b0f066a214c2f5e87bad3c948f4d605d) (ScriptedImporter) -> (artifact id: '81674f3422b17d18f6ddb70b4cb8b1e8') in 0.0663288 seconds
Number of updated asset objects reloaded before import = 0Number of asset objects unloaded after import = 0

========================================================================
Received Import Request.
  Time since last request: 0.000136 seconds.
  path: Assets/Items/iron.asset
  artifactKey: Guid(2c6d1543b3ee2c44c87ac55524756f0d) Importer(2089858483,b0f066a214c2f5e87bad3c948f4d605d)
Start importing Assets/Items/iron.asset using Guid(2c6d1543b3ee2c44c87ac55524756f0d) Importer(2089858483,b0f066a214c2f5e87bad3c948f4d605d) (ScriptedImporter) -> (artifact id: 'bde1d3136465aa4c596ba4721eca852d') in 0.2782491 seconds
Number of updated asset objects reloaded before import = 0Number of asset objects unloaded after import = 2

========================================================================
Received Import Request.
  Time since last request: 0.000066 seconds.
  path: Assets/Assets/ToonTastic - Vegetation & Plants/Prefabs/Mushrooms/Red/mushroom_red.prefab
  artifactKey: Guid(8cca2b277833d374c926a9dacb13150e) Importer(2089858483,b0f066a214c2f5e87bad3c948f4d605d)
Start importing Assets/Assets/ToonTastic - Vegetation & Plants/Prefabs/Mushrooms/Red/mushroom_red.prefab using Guid(8cca2b277833d374c926a9dacb13150e) Importer(2089858483,b0f066a214c2f5e87bad3c948f4d605d) (ScriptedImporter) -> (artifact id: 'baa140d4c68c44b20bca77c865d2d2c5') in 1.5454017 seconds
Number of updated asset objects reloaded before import = 0Number of asset objects unloaded after import = 8

========================================================================
Received Import Request.
  Time since last request: 0.000084 seconds.
  path: Assets/Assets/ToonTastic - Vegetation & Plants/Prefabs/Mushrooms/Green/mushroom_green.prefab
  artifactKey: Guid(23a4324c2c144c34abe961bb01ab7816) Importer(2089858483,b0f066a214c2f5e87bad3c948f4d605d)
Start importing Assets/Assets/ToonTastic - Vegetation & Plants/Prefabs/Mushrooms/Green/mushroom_green.prefab using Guid(23a4324c2c144c34abe961bb01ab7816) Importer(2089858483,b0f066a214c2f5e87bad3c948f4d605d) (ScriptedImporter) -> (artifact id: '5cbf291e3e96c6ddefa8deb970a93a70') in 0.2352203 seconds
Number of updated asset objects reloaded before import = 0Number of asset objects unloaded after import = 8

========================================================================
Received Import Request.
  Time since last request: 0.000202 seconds.
  path: Assets/Script/InventoryItem.cs
  artifactKey: Guid(1d56d29b1a1354a40b037d7a293124a2) Importer(2089858483,b0f066a214c2f5e87bad3c948f4d605d)
Start importing Assets/Script/InventoryItem.cs using Guid(1d56d29b1a1354a40b037d7a293124a2) Importer(2089858483,b0f066a214c2f5e87bad3c948f4d605d) (ScriptedImporter) -> (artifact id: 'd73d692c2ae8d97a8e4021cd00f7cf42') in 0.0751751 seconds
Number of updated asset objects reloaded before import = 0Number of asset objects unloaded after import = 0

========================================================================
Received Import Request.
  Time since last request: 0.000065 seconds.
  path: Assets/Scenes/OptionsScene.unity
  artifactKey: Guid(ed2122ae7c1018e41822edf0201e71d0) Importer(2089858483,b0f066a214c2f5e87bad3c948f4d605d)
Start importing Assets/Scenes/OptionsScene.unity using Guid(ed2122ae7c1018e41822edf0201e71d0) Importer(2089858483,b0f066a214c2f5e87bad3c948f4d605d) (ScriptedImporter) -> (artifact id: 'f8b895f55851410eeeac5ed30b62bb63') in 0.0712649 seconds
Number of updated asset objects reloaded before import = 0Number of asset objects unloaded after import = 1

========================================================================
Received Import Request.
  Time since last request: 0.000039 seconds.
  path: Assets/Assets/ToonTastic - Vegetation & Plants/Prefabs/Trees/Pines/Green/tree_pine_short.prefab
  artifactKey: Guid(50d1bdeeb3ba5454286e5af49106db16) Importer(2089858483,b0f066a214c2f5e87bad3c948f4d605d)
Start importing Assets/Assets/ToonTastic - Vegetation & Plants/Prefabs/Trees/Pines/Green/tree_pine_short.prefab using Guid(50d1bdeeb3ba5454286e5af49106db16) Importer(2089858483,b0f066a214c2f5e87bad3c948f4d605d) (ScriptedImporter) -> (artifact id: '7f96e3ff132580b66c1466fa404fa779') in 0.2865592 seconds
Number of updated asset objects reloaded before import = 0Number of asset objects unloaded after import = 13

========================================================================
Received Import Request.
  Time since last request: 0.000057 seconds.
  path: Assets/Assets/ToonTastic - Vegetation & Plants/Prefabs/Trees/Pines/Orange/tree_pine_long_orange.prefab
  artifactKey: Guid(bbee008c7403e5341a3ad19b77fea65c) Importer(2089858483,b0f066a214c2f5e87bad3c948f4d605d)
Start importing Assets/Assets/ToonTastic - Vegetation & Plants/Prefabs/Trees/Pines/Orange/tree_pine_long_orange.prefab using Guid(bbee008c7403e5341a3ad19b77fea65c) Importer(2089858483,b0f066a214c2f5e87bad3c948f4d605d) (ScriptedImporter) -> (artifact id: '165119caaa37a371b795643f7c1a6ab7') in 0.2350409 seconds
Number of updated asset objects reloaded before import = 0Number of asset objects unloaded after import = 23

========================================================================
Received Import Request.
  Time since last request: 0.000044 seconds.
  path: Assets/TextMesh Pro/Shaders/TMP_Sprite.shader
  artifactKey: Guid(cf81c85f95fe47e1a27f6ae460cf182c) Importer(2089858483,b0f066a214c2f5e87bad3c948f4d605d)
Start importing Assets/TextMesh Pro/Shaders/TMP_Sprite.shader using Guid(cf81c85f95fe47e1a27f6ae460cf182c) Importer(2089858483,b0f066a214c2f5e87bad3c948f4d605d) (ScriptedImporter) -> (artifact id: '46aca4384cbbb0453c575afba325e5f5') in 0.0693645 seconds
Number of updated asset objects reloaded before import = 0Number of asset objects unloaded after import = 1

========================================================================
Received Import Request.
  Time since last request: 0.000055 seconds.
  path: Assets/Assets/material/NewLayer 2.terrainlayer
  artifactKey: Guid(12047d7aeb14e224d867eb9ef01c4398) Importer(2089858483,b0f066a214c2f5e87bad3c948f4d605d)
Start importing Assets/Assets/material/NewLayer 2.terrainlayer using Guid(12047d7aeb14e224d867eb9ef01c4398) Importer(2089858483,b0f066a214c2f5e87bad3c948f4d605d) (ScriptedImporter) -> (artifact id: '23eb3a66bfc7390d2492a3c05cb29efa') in 0.1349064 seconds
Number of updated asset objects reloaded before import = 0Number of asset objects unloaded after import = 2

========================================================================
Received Import Request.
  Time since last request: 0.000050 seconds.
  path: Assets/Assets/SimpleNaturePack/Scenes/SimpleNaturePack_OverviewSettings.lighting
  artifactKey: Guid(a4b7bfd2efa570d46b66679603ca2b9c) Importer(2089858483,b0f066a214c2f5e87bad3c948f4d605d)
Start importing Assets/Assets/SimpleNaturePack/Scenes/SimpleNaturePack_OverviewSettings.lighting using Guid(a4b7bfd2efa570d46b66679603ca2b9c) Importer(2089858483,b0f066a214c2f5e87bad3c948f4d605d) (ScriptedImporter)LightingSettings: switching bake backend from 2 to 1.
 -> (artifact id: '6a66b12fb2675fa0dcd3137d061f7d06') in 0.134172 seconds
Number of updated asset objects reloaded before import = 0Number of asset objects unloaded after import = 1

========================================================================
Received Import Request.
  Time since last request: 0.000051 seconds.
  path: Assets/Script/IItemReceiver.cs
  artifactKey: Guid(31c952089224e164eaa84877317afc87) Importer(2089858483,b0f066a214c2f5e87bad3c948f4d605d)
Start importing Assets/Script/IItemReceiver.cs using Guid(31c952089224e164eaa84877317afc87) Importer(2089858483,b0f066a214c2f5e87bad3c948f4d605d) (ScriptedImporter) -> (artifact id: 'da2727b434482942ee16c4936d455934') in 0.3227611 seconds
Number of updated asset objects reloaded before import = 0Number of asset objects unloaded after import = 0

========================================================================
Received Import Request.
  Time since last request: 0.000053 seconds.
  path: Assets/Assets/SimpleNaturePack/Models/Rock_01.fbx
  artifactKey: Guid(e9089b1db16b58f4282a94e020b9c0e8) Importer(2089858483,b0f066a214c2f5e87bad3c948f4d605d)
Start importing Assets/Assets/SimpleNaturePack/Models/Rock_01.fbx using Guid(e9089b1db16b58f4282a94e020b9c0e8) Importer(2089858483,b0f066a214c2f5e87bad3c948f4d605d) (ScriptedImporter) -> (artifact id: '61939f1ec4ecaec8bb74ae352b39b13f') in 0.2121384 seconds
Number of updated asset objects reloaded before import = 0Number of asset objects unloaded after import = 7

========================================================================
Received Import Request.
  Time since last request: 0.000073 seconds.
  path: Assets/Assets/ToonTastic - Vegetation & Plants/Prefabs/Trees/Dried/tree_dried1.prefab
  artifactKey: Guid(39d3fb8f52794fd4188b360a25845c18) Importer(2089858483,b0f066a214c2f5e87bad3c948f4d605d)
Start importing Assets/Assets/ToonTastic - Vegetation & Plants/Prefabs/Trees/Dried/tree_dried1.prefab using Guid(39d3fb8f52794fd4188b360a25845c18) Importer(2089858483,b0f066a214c2f5e87bad3c948f4d605d) (ScriptedImporter) -> (artifact id: '42e916d90926277c5ee74df913ff85d7') in 0.1588946 seconds
Number of updated asset objects reloaded before import = 0Number of asset objects unloaded after import = 9

========================================================================
Received Import Request.
  Time since last request: 0.000057 seconds.
  path: Assets/Assets/SimpleNaturePack/Scenes/SimpleNaturePack_Demo.unity
  artifactKey: Guid(5e7af4bd95ac53a4cb784a9eedf8f6f9) Importer(2089858483,b0f066a214c2f5e87bad3c948f4d605d)
Start importing Assets/Assets/SimpleNaturePack/Scenes/SimpleNaturePack_Demo.unity using Guid(5e7af4bd95ac53a4cb784a9eedf8f6f9) Importer(2089858483,b0f066a214c2f5e87bad3c948f4d605d) (ScriptedImporter) -> (artifact id: 'df4d34de67b76f9f348b735808a6b094') in 0.3736917 seconds
Number of updated asset objects reloaded before import = 0Number of asset objects unloaded after import = 1

========================================================================
Received Import Request.
  Time since last request: 0.000072 seconds.
  path: Assets/Assets/ToonTastic - Vegetation & Plants/Prefabs/Trees/Capsulıc/tree_4_short.prefab
  artifactKey: Guid(0491ec90cca31c548ace8392b7527da0) Importer(2089858483,b0f066a214c2f5e87bad3c948f4d605d)
Start importing Assets/Assets/ToonTastic - Vegetation & Plants/Prefabs/Trees/Capsulıc/tree_4_short.prefab using Guid(0491ec90cca31c548ace8392b7527da0) Importer(2089858483,b0f066a214c2f5e87bad3c948f4d605d) (ScriptedImporter) -> (artifact id: 'b7c1d5176632cfc5594c4c0b3aadf3fb') in 0.5122729 seconds
Number of updated asset objects reloaded before import = 0Number of asset objects unloaded after import = 9

========================================================================
Received Import Request.
  Time since last request: 0.000056 seconds.
  path: Assets/TextMesh Pro/Shaders/TMP_SDF Overlay.shader
  artifactKey: Guid(dd89cf5b9246416f84610a006f916af7) Importer(2089858483,b0f066a214c2f5e87bad3c948f4d605d)
Start importing Assets/TextMesh Pro/Shaders/TMP_SDF Overlay.shader using Guid(dd89cf5b9246416f84610a006f916af7) Importer(2089858483,b0f066a214c2f5e87bad3c948f4d605d) (ScriptedImporter) -> (artifact id: '0665edf8c53513ea9f9291a81542ac25') in 0.103477 seconds
Number of updated asset objects reloaded before import = 0Number of asset objects unloaded after import = 1

========================================================================
Received Import Request.
  Time since last request: 0.000058 seconds.
  path: Assets/TextMesh Pro/Resources/TMP Settings.asset
  artifactKey: Guid(3f5b5dff67a942289a9defa416b206f3) Importer(2089858483,b0f066a214c2f5e87bad3c948f4d605d)
Start importing Assets/TextMesh Pro/Resources/TMP Settings.asset using Guid(3f5b5dff67a942289a9defa416b206f3) Importer(2089858483,b0f066a214c2f5e87bad3c948f4d605d) (ScriptedImporter) -> (artifact id: '97d4952ac0f884ee92657570688edc90') in 0.2104393 seconds
Number of updated asset objects reloaded before import = 0Number of asset objects unloaded after import = 15

========================================================================
Received Import Request.
  Time since last request: 0.000065 seconds.
  path: Assets/Assets/model_3D/texture_pbr_20250901.png
  artifactKey: Guid(092bc16f5aeffda4189dd898d7688fa3) Importer(2089858483,b0f066a214c2f5e87bad3c948f4d605d)
Start importing Assets/Assets/model_3D/texture_pbr_20250901.png using Guid(092bc16f5aeffda4189dd898d7688fa3) Importer(2089858483,b0f066a214c2f5e87bad3c948f4d605d) (ScriptedImporter) -> (artifact id: 'dbfc014876d386b205b0f66190273b65') in 0.1235816 seconds
Number of updated asset objects reloaded before import = 0Number of asset objects unloaded after import = 1

========================================================================
Received Import Request.
  Time since last request: 0.000107 seconds.
  path: Assets/Scenes/StartScene.unity
  artifactKey: Guid(be3793b6a68745f43a45e2105f70c0e4) Importer(2089858483,b0f066a214c2f5e87bad3c948f4d605d)
Start importing Assets/Scenes/StartScene.unity using Guid(be3793b6a68745f43a45e2105f70c0e4) Importer(2089858483,b0f066a214c2f5e87bad3c948f4d605d) (ScriptedImporter) -> (artifact id: '389bb6f563141a5f791700d1cf653a1d') in 0.4469244 seconds
Number of updated asset objects reloaded before import = 0Number of asset objects unloaded after import = 1

========================================================================
Received Import Request.
  Time since last request: 0.000051 seconds.
  path: Assets/Assets/model_3D/low_poly_iron_axe.glb
  artifactKey: Guid(01fa8dde36f3f0b42bfadca88afb6c2b) Importer(2089858483,b0f066a214c2f5e87bad3c948f4d605d)
Start importing Assets/Assets/model_3D/low_poly_iron_axe.glb using Guid(01fa8dde36f3f0b42bfadca88afb6c2b) Importer(2089858483,b0f066a214c2f5e87bad3c948f4d605d) (ScriptedImporter) -> (artifact id: '12822b84099983a4960aa38cfe0ec7b7') in 0.265926 seconds
Number of updated asset objects reloaded before import = 0Number of asset objects unloaded after import = 29

========================================================================
Received Import Request.
  Time since last request: 0.000072 seconds.
  path: Assets/Assets/SimpleNaturePack/Textures/brown.png
  artifactKey: Guid(3d2495ca04637a04d9235d2f32197b8b) Importer(2089858483,b0f066a214c2f5e87bad3c948f4d605d)
Start importing Assets/Assets/SimpleNaturePack/Textures/brown.png using Guid(3d2495ca04637a04d9235d2f32197b8b) Importer(2089858483,b0f066a214c2f5e87bad3c948f4d605d) (ScriptedImporter) -> (artifact id: '044a2a351295aa4dc7561289d279dedf') in 0.1355891 seconds
Number of updated asset objects reloaded before import = 0Number of asset objects unloaded after import = 1

========================================================================
Received Import Request.
  Time since last request: 0.000085 seconds.
  path: Assets/Items/iron.png
  artifactKey: Guid(38e20f5888d1d37458e094e5c5444072) Importer(2089858483,b0f066a214c2f5e87bad3c948f4d605d)
Start importing Assets/Items/iron.png using Guid(38e20f5888d1d37458e094e5c5444072) Importer(2089858483,b0f066a214c2f5e87bad3c948f4d605d) (ScriptedImporter) -> (artifact id: 'ac744d7b353c98fcd546f6dfc1e4c6a5') in 0.2535292 seconds
Number of updated asset objects reloaded before import = 0Number of asset objects unloaded after import = 3

========================================================================
Received Prepare
Begin MonoManager ReloadAssembly
[Licensing::Client] Successfully resolved entitlement details
[Licensing::Module] License group:
  Id: F4-4NHA-X586-XBBN-ZF9Q-XXXX
  Product: Unity Personal
  Type: ULF
  Expiration: 2026-07-24T02:35:45Z
[Licensing::Module] License group:
  Id: 18968329531353-UnityPersXXXX
  Product: Unity Personal
  Type: Assigned
  Expiration: Unlimited
- Loaded All Assemblies, in 23.082 seconds
Refreshing native plugins compatible for Editor in 34.98 ms, found 3 plugins.
Native extension for WindowsStandalone target not found
[Package Manager] Failed to launch server process. Reason: Unity was launched with the -noUpm command-line argument
[Package Manager] Unable to send message (not connected to server process).
[Package Manager] Cannot connect to Unity Package Manager local server
[Package Manager] Failed to launch server process. Reason: Unity was launched with the -noUpm command-line argument
[Package Manager] Unable to send message (not connected to server process).
[Package Manager] Cannot connect to Unity Package Manager local server
ScheduleIndexationOnStartup MainProcess:False IndexOnStartup:True
Mono: successfully reloaded assembly
- Finished resetting the current domain, in 34.345 seconds
Domain Reload Profiling: 57447ms
	BeginReloadAssembly (2309ms)
		ExecutionOrderSort (0ms)
		DisableScriptedObjects (33ms)
		BackupInstance (0ms)
		ReleaseScriptingObjects (2ms)
		CreateAndSetChildDomain (476ms)
	RebuildCommonClasses (257ms)
	RebuildNativeTypeToScriptingClass (75ms)
	initialDomainReloadingComplete (112ms)
	LoadAllAssembliesAndSetupDomain (20345ms)
		LoadAssemblies (19183ms)
		RebuildTransferFunctionScriptingTraits (0ms)
		AnalyzeDomain (2125ms)
			TypeCache.Refresh (63ms)
				TypeCache.ScanAssembly (0ms)
			BuildScriptInfoCaches (1994ms)
			ResolveRequiredComponents (49ms)
	FinalizeReload (34349ms)
		ReleaseScriptCaches (0ms)
		RebuildScriptCaches (0ms)
		SetupLoadedEditorAssemblies (32626ms)
			LogAssemblyErrors (0ms)
			InitializePlatformSupportModulesInManaged (6ms)
			SetLoadedEditorAssemblies (21ms)
			BeforeProcessingInitializeOnLoad (3642ms)
			ProcessInitializeOnLoadAttributes (27886ms)
			ProcessInitializeOnLoadMethodAttributes (1055ms)
			AfterProcessingInitializeOnLoad (14ms)
			EditorAssembliesLoaded (2ms)
		ExecutionOrderSort2 (0ms)
		AwakeInstancesAfterBackupRestoration (161ms)
Refreshing native plugins compatible for Editor in 27.95 ms, found 3 plugins.
Preloading 0 native plugins for Editor in 0.00 ms.
Unloading 16 Unused Serialized files (Serialized files now loaded: 0)
Unloading 6578 unused Assets / (4.6 MB). Loaded Objects now: 7427.
Memory consumption went from 150.6 MB to 146.0 MB.
Total: 43.061100 ms (FindLiveObjects: 3.942200 ms CreateObjectMapping: 2.191800 ms MarkObjects: 29.258900 ms  DeleteObjects: 7.666000 ms)

Prepare: number of updated asset objects reloaded= 0
========================================================================
Received Prepare
Begin MonoManager ReloadAssembly
[Licensing::Client] Successfully resolved entitlement details
[Licensing::Module] License group:
  Id: F4-4NHA-X586-XBBN-ZF9Q-XXXX
  Product: Unity Personal
  Type: ULF
  Expiration: 2026-07-24T02:35:45Z
[Licensing::Module] License group:
  Id: 18968329531353-UnityPersXXXX
  Product: Unity Personal
  Type: Assigned
  Expiration: Unlimited
- Loaded All Assemblies, in  3.173 seconds
Refreshing native plugins compatible for Editor in 7.91 ms, found 3 plugins.
Native extension for WindowsStandalone target not found
[Package Manager] Failed to launch server process. Reason: Unity was launched with the -noUpm command-line argument
[Package Manager] Unable to send message (not connected to server process).
[Package Manager] Cannot connect to Unity Package Manager local server
[Package Manager] Failed to launch server process. Reason: Unity was launched with the -noUpm command-line argument
[Package Manager] Unable to send message (not connected to server process).
[Package Manager] Cannot connect to Unity Package Manager local server
ScheduleIndexationOnStartup MainProcess:False IndexOnStartup:True
Mono: successfully reloaded assembly
- Finished resetting the current domain, in  5.015 seconds
Domain Reload Profiling: 8196ms
	BeginReloadAssembly (1311ms)
		ExecutionOrderSort (0ms)
		DisableScriptedObjects (16ms)
		BackupInstance (0ms)
		ReleaseScriptingObjects (1ms)
		CreateAndSetChildDomain (114ms)
	RebuildCommonClasses (146ms)
	RebuildNativeTypeToScriptingClass (54ms)
	initialDomainReloadingComplete (77ms)
	LoadAllAssembliesAndSetupDomain (1592ms)
		LoadAssemblies (1754ms)
		RebuildTransferFunctionScriptingTraits (0ms)
		AnalyzeDomain (590ms)
			TypeCache.Refresh (16ms)
				TypeCache.ScanAssembly (0ms)
			BuildScriptInfoCaches (530ms)
			ResolveRequiredComponents (30ms)
	FinalizeReload (5017ms)
		ReleaseScriptCaches (0ms)
		RebuildScriptCaches (0ms)
		SetupLoadedEditorAssemblies (4325ms)
			LogAssemblyErrors (0ms)
			InitializePlatformSupportModulesInManaged (7ms)
			SetLoadedEditorAssemblies (12ms)
			BeforeProcessingInitializeOnLoad (761ms)
			ProcessInitializeOnLoadAttributes (2832ms)
			ProcessInitializeOnLoadMethodAttributes (696ms)
			AfterProcessingInitializeOnLoad (16ms)
			EditorAssembliesLoaded (1ms)
		ExecutionOrderSort2 (0ms)
		AwakeInstancesAfterBackupRestoration (70ms)
Refreshing native plugins compatible for Editor in 12.58 ms, found 3 plugins.
Preloading 0 native plugins for Editor in 0.00 ms.
Unloading 16 Unused Serialized files (Serialized files now loaded: 0)
Unloading 6577 unused Assets / (5.4 MB). Loaded Objects now: 7430.
Memory consumption went from 150.4 MB to 145.0 MB.
Total: 30.546400 ms (FindLiveObjects: 2.243400 ms CreateObjectMapping: 2.937800 ms MarkObjects: 16.959100 ms  DeleteObjects: 8.404200 ms)

Prepare: number of updated asset objects reloaded= 0
========================================================================
Received Prepare
Begin MonoManager ReloadAssembly
[Licensing::Client] Successfully resolved entitlement details
[Licensing::Module] License group:
  Id: F4-4NHA-X586-XBBN-ZF9Q-XXXX
  Product: Unity Personal
  Type: ULF
  Expiration: 2026-07-24T02:35:45Z
[Licensing::Module] License group:
  Id: 18968329531353-UnityPersXXXX
  Product: Unity Personal
  Type: Assigned
  Expiration: Unlimited
- Loaded All Assemblies, in  1.929 seconds
Refreshing native plugins compatible for Editor in 2.80 ms, found 3 plugins.
Native extension for WindowsStandalone target not found
[Package Manager] Failed to launch server process. Reason: Unity was launched with the -noUpm command-line argument
[Package Manager] Unable to send message (not connected to server process).
[Package Manager] Cannot connect to Unity Package Manager local server
[Package Manager] Failed to launch server process. Reason: Unity was launched with the -noUpm command-line argument
[Package Manager] Unable to send message (not connected to server process).
[Package Manager] Cannot connect to Unity Package Manager local server
ScheduleIndexationOnStartup MainProcess:False IndexOnStartup:True
Mono: successfully reloaded assembly
- Finished resetting the current domain, in  3.020 seconds
Domain Reload Profiling: 4956ms
	BeginReloadAssembly (559ms)
		ExecutionOrderSort (0ms)
		DisableScriptedObjects (35ms)
		BackupInstance (0ms)
		ReleaseScriptingObjects (0ms)
		CreateAndSetChildDomain (97ms)
	RebuildCommonClasses (56ms)
	RebuildNativeTypeToScriptingClass (27ms)
	initialDomainReloadingComplete (85ms)
	LoadAllAssembliesAndSetupDomain (1207ms)
		LoadAssemblies (1115ms)
		RebuildTransferFunctionScriptingTraits (0ms)
		AnalyzeDomain (405ms)
			TypeCache.Refresh (9ms)
				TypeCache.ScanAssembly (0ms)
			BuildScriptInfoCaches (365ms)
			ResolveRequiredComponents (23ms)
	FinalizeReload (3022ms)
		ReleaseScriptCaches (0ms)
		RebuildScriptCaches (0ms)
		SetupLoadedEditorAssemblies (2568ms)
			LogAssemblyErrors (0ms)
			InitializePlatformSupportModulesInManaged (5ms)
			SetLoadedEditorAssemblies (11ms)
			BeforeProcessingInitializeOnLoad (614ms)
			ProcessInitializeOnLoadAttributes (1562ms)
			ProcessInitializeOnLoadMethodAttributes (362ms)
			AfterProcessingInitializeOnLoad (13ms)
			EditorAssembliesLoaded (1ms)
		ExecutionOrderSort2 (0ms)
		AwakeInstancesAfterBackupRestoration (48ms)
Refreshing native plugins compatible for Editor in 6.83 ms, found 3 plugins.
Preloading 0 native plugins for Editor in 0.00 ms.
Unloading 16 Unused Serialized files (Serialized files now loaded: 0)
Unloading 6577 unused Assets / (3.6 MB). Loaded Objects now: 7433.
Memory consumption went from 150.5 MB to 146.9 MB.
Total: 26.595100 ms (FindLiveObjects: 2.378800 ms CreateObjectMapping: 2.460900 ms MarkObjects: 10.993500 ms  DeleteObjects: 10.759400 ms)

Prepare: number of updated asset objects reloaded= 0
========================================================================
Received Prepare
Begin MonoManager ReloadAssembly
[Licensing::Client] Successfully resolved entitlement details
[Licensing::Module] License group:
  Id: F4-4NHA-X586-XBBN-ZF9Q-XXXX
  Product: Unity Personal
  Type: ULF
  Expiration: 2026-07-24T02:35:45Z
[Licensing::Module] License group:
  Id: 18968329531353-UnityPersXXXX
  Product: Unity Personal
  Type: Assigned
  Expiration: Unlimited
- Loaded All Assemblies, in  1.683 seconds
Refreshing native plugins compatible for Editor in 3.68 ms, found 3 plugins.
Native extension for WindowsStandalone target not found
[Package Manager] Failed to launch server process. Reason: Unity was launched with the -noUpm command-line argument
[Package Manager] Unable to send message (not connected to server process).
[Package Manager] Cannot connect to Unity Package Manager local server
[Package Manager] Failed to launch server process. Reason: Unity was launched with the -noUpm command-line argument
[Package Manager] Unable to send message (not connected to server process).
[Package Manager] Cannot connect to Unity Package Manager local server
ScheduleIndexationOnStartup MainProcess:False IndexOnStartup:True
Mono: successfully reloaded assembly
- Finished resetting the current domain, in  2.704 seconds
Domain Reload Profiling: 4395ms
	BeginReloadAssembly (511ms)
		ExecutionOrderSort (0ms)
		DisableScriptedObjects (24ms)
		BackupInstance (0ms)
		ReleaseScriptingObjects (0ms)
		CreateAndSetChildDomain (86ms)
	RebuildCommonClasses (68ms)
	RebuildNativeTypeToScriptingClass (23ms)
	initialDomainReloadingComplete (44ms)
	LoadAllAssembliesAndSetupDomain (1041ms)
		LoadAssemblies (874ms)
		RebuildTransferFunctionScriptingTraits (0ms)
		AnalyzeDomain (436ms)
			TypeCache.Refresh (13ms)
				TypeCache.ScanAssembly (0ms)
			BuildScriptInfoCaches (398ms)
			ResolveRequiredComponents (18ms)
	FinalizeReload (2708ms)
		ReleaseScriptCaches (0ms)
		RebuildScriptCaches (0ms)
		SetupLoadedEditorAssemblies (2239ms)
			LogAssemblyErrors (0ms)
			InitializePlatformSupportModulesInManaged (3ms)
			SetLoadedEditorAssemblies (20ms)
			BeforeProcessingInitializeOnLoad (563ms)
			ProcessInitializeOnLoadAttributes (1226ms)
			ProcessInitializeOnLoadMethodAttributes (413ms)
			AfterProcessingInitializeOnLoad (12ms)
			EditorAssembliesLoaded (2ms)
		ExecutionOrderSort2 (0ms)
		AwakeInstancesAfterBackupRestoration (60ms)
Refreshing native plugins compatible for Editor in 7.52 ms, found 3 plugins.
Preloading 0 native plugins for Editor in 0.00 ms.
Unloading 16 Unused Serialized files (Serialized files now loaded: 0)
Unloading 6577 unused Assets / (5.7 MB). Loaded Objects now: 7436.
Memory consumption went from 150.5 MB to 144.9 MB.
Total: 61.422400 ms (FindLiveObjects: 2.767800 ms CreateObjectMapping: 5.318000 ms MarkObjects: 29.275200 ms  DeleteObjects: 24.055700 ms)

Prepare: number of updated asset objects reloaded= 0
========================================================================
Received Prepare
Begin MonoManager ReloadAssembly
[Licensing::Client] Successfully resolved entitlement details
[Licensing::Module] License group:
  Id: F4-4NHA-X586-XBBN-ZF9Q-XXXX
  Product: Unity Personal
  Type: ULF
  Expiration: 2026-07-24T02:35:45Z
[Licensing::Module] License group:
  Id: 18968329531353-UnityPersXXXX
  Product: Unity Personal
  Type: Assigned
  Expiration: Unlimited
- Loaded All Assemblies, in  1.732 seconds
Refreshing native plugins compatible for Editor in 2.72 ms, found 3 plugins.
Native extension for WindowsStandalone target not found
[Package Manager] Failed to launch server process. Reason: Unity was launched with the -noUpm command-line argument
[Package Manager] Unable to send message (not connected to server process).
[Package Manager] Cannot connect to Unity Package Manager local server
[Package Manager] Failed to launch server process. Reason: Unity was launched with the -noUpm command-line argument
[Package Manager] Unable to send message (not connected to server process).
[Package Manager] Cannot connect to Unity Package Manager local server
ScheduleIndexationOnStartup MainProcess:False IndexOnStartup:True
Mono: successfully reloaded assembly
- Finished resetting the current domain, in  2.911 seconds
Domain Reload Profiling: 4651ms
	BeginReloadAssembly (601ms)
		ExecutionOrderSort (0ms)
		DisableScriptedObjects (13ms)
		BackupInstance (0ms)
		ReleaseScriptingObjects (0ms)
		CreateAndSetChildDomain (100ms)
	RebuildCommonClasses (84ms)
	RebuildNativeTypeToScriptingClass (21ms)
	initialDomainReloadingComplete (51ms)
	LoadAllAssembliesAndSetupDomain (981ms)
		LoadAssemblies (798ms)
		RebuildTransferFunctionScriptingTraits (0ms)
		AnalyzeDomain (463ms)
			TypeCache.Refresh (13ms)
				TypeCache.ScanAssembly (0ms)
			BuildScriptInfoCaches (424ms)
			ResolveRequiredComponents (19ms)
	FinalizeReload (2913ms)
		ReleaseScriptCaches (0ms)
		RebuildScriptCaches (0ms)
		SetupLoadedEditorAssemblies (2261ms)
			LogAssemblyErrors (0ms)
			InitializePlatformSupportModulesInManaged (3ms)
			SetLoadedEditorAssemblies (12ms)
			BeforeProcessingInitializeOnLoad (501ms)
			ProcessInitializeOnLoadAttributes (1259ms)
			ProcessInitializeOnLoadMethodAttributes (474ms)
			AfterProcessingInitializeOnLoad (9ms)
			EditorAssembliesLoaded (1ms)
		ExecutionOrderSort2 (0ms)
		AwakeInstancesAfterBackupRestoration (110ms)
Refreshing native plugins compatible for Editor in 13.79 ms, found 3 plugins.
Preloading 0 native plugins for Editor in 0.00 ms.
Unloading 16 Unused Serialized files (Serialized files now loaded: 0)
Unloading 6577 unused Assets / (3.8 MB). Loaded Objects now: 7439.
Memory consumption went from 150.5 MB to 146.7 MB.
Total: 72.524700 ms (FindLiveObjects: 5.174400 ms CreateObjectMapping: 4.165300 ms MarkObjects: 54.078900 ms  DeleteObjects: 9.102000 ms)

Prepare: number of updated asset objects reloaded= 0
========================================================================
Received Prepare
Begin MonoManager ReloadAssembly
[Licensing::Client] Successfully resolved entitlement details
[Licensing::Module] License group:
  Id: F4-4NHA-X586-XBBN-ZF9Q-XXXX
  Product: Unity Personal
  Type: ULF
  Expiration: 2026-07-24T02:35:45Z
[Licensing::Module] License group:
  Id: 18968329531353-UnityPersXXXX
  Product: Unity Personal
  Type: Assigned
  Expiration: Unlimited
- Loaded All Assemblies, in  1.876 seconds
Refreshing native plugins compatible for Editor in 3.51 ms, found 3 plugins.
Native extension for WindowsStandalone target not found
[Package Manager] Failed to launch server process. Reason: Unity was launched with the -noUpm command-line argument
[Package Manager] Unable to send message (not connected to server process).
[Package Manager] Cannot connect to Unity Package Manager local server
[Package Manager] Failed to launch server process. Reason: Unity was launched with the -noUpm command-line argument
[Package Manager] Unable to send message (not connected to server process).
[Package Manager] Cannot connect to Unity Package Manager local server
ScheduleIndexationOnStartup MainProcess:False IndexOnStartup:True
Mono: successfully reloaded assembly
- Finished resetting the current domain, in  2.574 seconds
Domain Reload Profiling: 4461ms
	BeginReloadAssembly (522ms)
		ExecutionOrderSort (0ms)
		DisableScriptedObjects (15ms)
		BackupInstance (0ms)
		ReleaseScriptingObjects (0ms)
		CreateAndSetChildDomain (98ms)
	RebuildCommonClasses (73ms)
	RebuildNativeTypeToScriptingClass (30ms)
	initialDomainReloadingComplete (61ms)
	LoadAllAssembliesAndSetupDomain (1199ms)
		LoadAssemblies (800ms)
		RebuildTransferFunctionScriptingTraits (0ms)
		AnalyzeDomain (675ms)
			TypeCache.Refresh (16ms)
				TypeCache.ScanAssembly (0ms)
			BuildScriptInfoCaches (625ms)
			ResolveRequiredComponents (25ms)
	FinalizeReload (2576ms)
		ReleaseScriptCaches (0ms)
		RebuildScriptCaches (0ms)
		SetupLoadedEditorAssemblies (2200ms)
			LogAssemblyErrors (0ms)
			InitializePlatformSupportModulesInManaged (3ms)
			SetLoadedEditorAssemblies (8ms)
			BeforeProcessingInitializeOnLoad (511ms)
			ProcessInitializeOnLoadAttributes (1264ms)
			ProcessInitializeOnLoadMethodAttributes (392ms)
			AfterProcessingInitializeOnLoad (22ms)
			EditorAssembliesLoaded (1ms)
		ExecutionOrderSort2 (0ms)
		AwakeInstancesAfterBackupRestoration (85ms)
Refreshing native plugins compatible for Editor in 9.28 ms, found 3 plugins.
Preloading 0 native plugins for Editor in 0.00 ms.
Unloading 16 Unused Serialized files (Serialized files now loaded: 0)
Unloading 6577 unused Assets / (4.9 MB). Loaded Objects now: 7442.
Memory consumption went from 150.6 MB to 145.7 MB.
Total: 37.157700 ms (FindLiveObjects: 1.977100 ms CreateObjectMapping: 2.343100 ms MarkObjects: 15.524600 ms  DeleteObjects: 17.307000 ms)

Prepare: number of updated asset objects reloaded= 0
========================================================================
Received Prepare
Begin MonoManager ReloadAssembly
[Licensing::Client] Successfully resolved entitlement details
[Licensing::Module] License group:
  Id: F4-4NHA-X586-XBBN-ZF9Q-XXXX
  Product: Unity Personal
  Type: ULF
  Expiration: 2026-07-24T02:35:45Z
[Licensing::Module] License group:
  Id: 18968329531353-UnityPersXXXX
  Product: Unity Personal
  Type: Assigned
  Expiration: Unlimited
- Loaded All Assemblies, in  1.950 seconds
Refreshing native plugins compatible for Editor in 2.87 ms, found 3 plugins.
Native extension for WindowsStandalone target not found
[Package Manager] Failed to launch server process. Reason: Unity was launched with the -noUpm command-line argument
[Package Manager] Unable to send message (not connected to server process).
[Package Manager] Cannot connect to Unity Package Manager local server
[Package Manager] Failed to launch server process. Reason: Unity was launched with the -noUpm command-line argument
[Package Manager] Unable to send message (not connected to server process).
[Package Manager] Cannot connect to Unity Package Manager local server
ScheduleIndexationOnStartup MainProcess:False IndexOnStartup:True
Mono: successfully reloaded assembly
- Finished resetting the current domain, in  3.255 seconds
Domain Reload Profiling: 5210ms
	BeginReloadAssembly (609ms)
		ExecutionOrderSort (0ms)
		DisableScriptedObjects (10ms)
		BackupInstance (0ms)
		ReleaseScriptingObjects (0ms)
		CreateAndSetChildDomain (90ms)
	RebuildCommonClasses (154ms)
	RebuildNativeTypeToScriptingClass (36ms)
	initialDomainReloadingComplete (49ms)
	LoadAllAssembliesAndSetupDomain (1106ms)
		LoadAssemblies (912ms)
		RebuildTransferFunctionScriptingTraits (0ms)
		AnalyzeDomain (567ms)
			TypeCache.Refresh (13ms)
				TypeCache.ScanAssembly (0ms)
			BuildScriptInfoCaches (531ms)
			ResolveRequiredComponents (18ms)
	FinalizeReload (3256ms)
		ReleaseScriptCaches (0ms)
		RebuildScriptCaches (0ms)
		SetupLoadedEditorAssemblies (2850ms)
			LogAssemblyErrors (0ms)
			InitializePlatformSupportModulesInManaged (5ms)
			SetLoadedEditorAssemblies (34ms)
			BeforeProcessingInitializeOnLoad (583ms)
			ProcessInitializeOnLoadAttributes (1864ms)
			ProcessInitializeOnLoadMethodAttributes (358ms)
			AfterProcessingInitializeOnLoad (5ms)
			EditorAssembliesLoaded (1ms)
		ExecutionOrderSort2 (0ms)
		AwakeInstancesAfterBackupRestoration (72ms)
Refreshing native plugins compatible for Editor in 9.08 ms, found 3 plugins.
Preloading 0 native plugins for Editor in 0.00 ms.
Unloading 16 Unused Serialized files (Serialized files now loaded: 0)
Unloading 6577 unused Assets / (4.2 MB). Loaded Objects now: 7445.
Memory consumption went from 150.7 MB to 146.5 MB.
Total: 32.656400 ms (FindLiveObjects: 1.827300 ms CreateObjectMapping: 2.333100 ms MarkObjects: 18.546900 ms  DeleteObjects: 9.944900 ms)

Prepare: number of updated asset objects reloaded= 0
========================================================================
Received Prepare
Begin MonoManager ReloadAssembly
[Licensing::Client] Successfully resolved entitlement details
[Licensing::Module] License group:
  Id: F4-4NHA-X586-XBBN-ZF9Q-XXXX
  Product: Unity Personal
  Type: ULF
  Expiration: 2026-07-24T02:35:45Z
[Licensing::Module] License group:
  Id: 18968329531353-UnityPersXXXX
  Product: Unity Personal
  Type: Assigned
  Expiration: Unlimited
- Loaded All Assemblies, in  2.119 seconds
Refreshing native plugins compatible for Editor in 3.06 ms, found 3 plugins.
Native extension for WindowsStandalone target not found
[Package Manager] Failed to launch server process. Reason: Unity was launched with the -noUpm command-line argument
[Package Manager] Unable to send message (not connected to server process).
[Package Manager] Cannot connect to Unity Package Manager local server
[Package Manager] Failed to launch server process. Reason: Unity was launched with the -noUpm command-line argument
[Package Manager] Unable to send message (not connected to server process).
[Package Manager] Cannot connect to Unity Package Manager local server
ScheduleIndexationOnStartup MainProcess:False IndexOnStartup:True
Mono: successfully reloaded assembly
- Finished resetting the current domain, in  3.199 seconds
Domain Reload Profiling: 5324ms
	BeginReloadAssembly (923ms)
		ExecutionOrderSort (0ms)
		DisableScriptedObjects (56ms)
		BackupInstance (0ms)
		ReleaseScriptingObjects (0ms)
		CreateAndSetChildDomain (98ms)
	RebuildCommonClasses (120ms)
	RebuildNativeTypeToScriptingClass (30ms)
	initialDomainReloadingComplete (47ms)
	LoadAllAssembliesAndSetupDomain (1004ms)
		LoadAssemblies (993ms)
		RebuildTransferFunctionScriptingTraits (0ms)
		AnalyzeDomain (382ms)
			TypeCache.Refresh (20ms)
				TypeCache.ScanAssembly (0ms)
			BuildScriptInfoCaches (342ms)
			ResolveRequiredComponents (13ms)
	FinalizeReload (3200ms)
		ReleaseScriptCaches (0ms)
		RebuildScriptCaches (0ms)
		SetupLoadedEditorAssemblies (2782ms)
			LogAssemblyErrors (0ms)
			InitializePlatformSupportModulesInManaged (5ms)
			SetLoadedEditorAssemblies (21ms)
			BeforeProcessingInitializeOnLoad (562ms)
			ProcessInitializeOnLoadAttributes (1875ms)
			ProcessInitializeOnLoadMethodAttributes (313ms)
			AfterProcessingInitializeOnLoad (4ms)
			EditorAssembliesLoaded (1ms)
		ExecutionOrderSort2 (0ms)
		AwakeInstancesAfterBackupRestoration (52ms)
Refreshing native plugins compatible for Editor in 13.78 ms, found 3 plugins.
Preloading 0 native plugins for Editor in 0.00 ms.
Unloading 16 Unused Serialized files (Serialized files now loaded: 0)
Unloading 6577 unused Assets / (4.0 MB). Loaded Objects now: 7448.
Memory consumption went from 150.7 MB to 146.7 MB.
Total: 26.161300 ms (FindLiveObjects: 1.518800 ms CreateObjectMapping: 1.664000 ms MarkObjects: 13.281500 ms  DeleteObjects: 9.694200 ms)

Prepare: number of updated asset objects reloaded= 0
========================================================================
Received Import Request.
  Time since last request: 1423.468731 seconds.
  path: Assets/Assets/SimpleNaturePack/Prefabs/Mushroom_01.prefab
  artifactKey: Guid(ff62b58c5a9ea164fa8ddf8038e10cd1) Importer(815301076,1909f56bfc062723c751e8b465ee728b)
Start importing Assets/Assets/SimpleNaturePack/Prefabs/Mushroom_01.prefab using Guid(ff62b58c5a9ea164fa8ddf8038e10cd1) Importer(815301076,1909f56bfc062723c751e8b465ee728b) (PreviewImporter) -> (artifact id: '62e638f2d6be9204864b0f49df8ef15d') in 10.9269945 seconds
Number of updated asset objects reloaded before import = 0Number of asset objects unloaded after import = 18

========================================================================
Received Import Request.
  Time since last request: 0.000203 seconds.
  path: Assets/Assets/SimpleNaturePack/Prefabs/Flowers_02.prefab
  artifactKey: Guid(299e7a1cb6456cf4fa6079cf5978df9b) Importer(815301076,1909f56bfc062723c751e8b465ee728b)
Start importing Assets/Assets/SimpleNaturePack/Prefabs/Flowers_02.prefab using Guid(299e7a1cb6456cf4fa6079cf5978df9b) Importer(815301076,1909f56bfc062723c751e8b465ee728b) (PreviewImporter) -> (artifact id: '06be7de3ebf7ab7a0388434d5fe6c011') in 0.7318717 seconds
Number of updated asset objects reloaded before import = 0Number of asset objects unloaded after import = 18

========================================================================
Received Import Request.
  Time since last request: 5.278746 seconds.
  path: Assets/Items/bamboo.png
  artifactKey: Guid(48434c973d92285418902992409f6da9) Importer(815301076,1909f56bfc062723c751e8b465ee728b)
Start importing Assets/Items/bamboo.png using Guid(48434c973d92285418902992409f6da9) Importer(815301076,1909f56bfc062723c751e8b465ee728b) (PreviewImporter) -> (artifact id: 'dfe352e183b88f40159d9b69667373bc') in 0.4938991 seconds
Number of updated asset objects reloaded before import = 0Number of asset objects unloaded after import = 3

========================================================================
Received Import Request.
  Time since last request: 0.000131 seconds.
  path: Assets/TextMesh Pro/Resources/Fonts & Materials/LiberationSans SDF.asset
  artifactKey: Guid(8f586378b4e144a9851e7b34d9b748ee) Importer(815301076,1909f56bfc062723c751e8b465ee728b)
Start importing Assets/TextMesh Pro/Resources/Fonts & Materials/LiberationSans SDF.asset using Guid(8f586378b4e144a9851e7b34d9b748ee) Importer(815301076,1909f56bfc062723c751e8b465ee728b) (PreviewImporter) -> (artifact id: 'eb9562c09f16861e1e245f2e992855e5') in 1.1019782 seconds
Number of updated asset objects reloaded before import = 0Number of asset objects unloaded after import = 9

========================================================================
Received Import Request.
  Time since last request: 0.000140 seconds.
  path: Assets/Assets/model_3D/bamboo_bush.glb
  artifactKey: Guid(bd50fb25efce0ed4a8e35f72d2f056a3) Importer(815301076,1909f56bfc062723c751e8b465ee728b)
Start importing Assets/Assets/model_3D/bamboo_bush.glb using Guid(bd50fb25efce0ed4a8e35f72d2f056a3) Importer(815301076,1909f56bfc062723c751e8b465ee728b) (PreviewImporter) -> (artifact id: 'fba5f3d1d18811e4b65351eeac33907a') in 16.7095712 seconds
Number of updated asset objects reloaded before import = 0Number of asset objects unloaded after import = 18

========================================================================
Received Import Request.
  Time since last request: 0.000138 seconds.
  path: Assets/Assets/SimpleNaturePack/Textures/brown.png
  artifactKey: Guid(3d2495ca04637a04d9235d2f32197b8b) Importer(815301076,1909f56bfc062723c751e8b465ee728b)
Start importing Assets/Assets/SimpleNaturePack/Textures/brown.png using Guid(3d2495ca04637a04d9235d2f32197b8b) Importer(815301076,1909f56bfc062723c751e8b465ee728b) (PreviewImporter) -> (artifact id: '81a129f103f50a59d9bf06ba19df2a55') in 0.0889059 seconds
Number of updated asset objects reloaded before import = 0Number of asset objects unloaded after import = 2

========================================================================
Received Import Request.
  Time since last request: 0.000076 seconds.
  path: Assets/Assets/model_3D/gieng.glb
  artifactKey: Guid(17cab8fb572e6ca4c81f5c7ae5f50b10) Importer(815301076,1909f56bfc062723c751e8b465ee728b)
Start importing Assets/Assets/model_3D/gieng.glb using Guid(17cab8fb572e6ca4c81f5c7ae5f50b10) Importer(815301076,1909f56bfc062723c751e8b465ee728b) (PreviewImporter) -> (artifact id: '5405238017c3ff52ceae7322a192b929') in 3.3327056 seconds
Number of updated asset objects reloaded before import = 0Number of asset objects unloaded after import = 18

========================================================================
Received Import Request.
  Time since last request: 0.000071 seconds.
  path: Assets/Scenes/NewBrush 1.brush
  artifactKey: Guid(f495e89ce6db7774fa61c49e545c77e5) Importer(815301076,1909f56bfc062723c751e8b465ee728b)
Start importing Assets/Scenes/NewBrush 1.brush using Guid(f495e89ce6db7774fa61c49e545c77e5) Importer(815301076,1909f56bfc062723c751e8b465ee728b) (PreviewImporter) -> (artifact id: 'e1cbcbbdfdb51b9bcaa0a9990b1b32af') in 0.213748 seconds
Number of updated asset objects reloaded before import = 0Number of asset objects unloaded after import = 2

========================================================================
Received Import Request.
  Time since last request: 5.958077 seconds.
  path: Assets/Assets/ToonTastic - Vegetation & Plants/Textures/ColorPalette.png
  artifactKey: Guid(56775c6f419d9174882a7256bb965d35) Importer(815301076,1909f56bfc062723c751e8b465ee728b)
Start importing Assets/Assets/ToonTastic - Vegetation & Plants/Textures/ColorPalette.png using Guid(56775c6f419d9174882a7256bb965d35) Importer(815301076,1909f56bfc062723c751e8b465ee728b) (PreviewImporter) -> (artifact id: '25fb5e8d2ad321e5f161aae07b35ef93') in 0.1020461 seconds
Number of updated asset objects reloaded before import = 0Number of asset objects unloaded after import = 2

========================================================================
Received Import Request.
  Time since last request: 0.000400 seconds.
  path: Assets/Assets/model_3D/nha_la_1.glb
  artifactKey: Guid(3a9ca28947bd11e4c86c8719a0bfe954) Importer(815301076,1909f56bfc062723c751e8b465ee728b)
Start importing Assets/Assets/model_3D/nha_la_1.glb using Guid(3a9ca28947bd11e4c86c8719a0bfe954) Importer(815301076,1909f56bfc062723c751e8b465ee728b) (PreviewImporter) -> (artifact id: 'ad3e200ddc7c712d05f4de133dcba95c') in 3.8861333 seconds
Number of updated asset objects reloaded before import = 0Number of asset objects unloaded after import = 18

========================================================================
Received Import Request.
  Time since last request: 0.000086 seconds.
  path: Assets/New Terrain.asset
  artifactKey: Guid(9b48b1e31074eb947bd9c8dc9ca36203) Importer(815301076,1909f56bfc062723c751e8b465ee728b)
Start importing Assets/New Terrain.asset using Guid(9b48b1e31074eb947bd9c8dc9ca36203) Importer(815301076,1909f56bfc062723c751e8b465ee728b) (PreviewImporter) -> (artifact id: '378ac39183f1169004e52e5639c96608') in 5.4138996 seconds
Number of updated asset objects reloaded before import = 0Number of asset objects unloaded after import = 80

========================================================================
Received Import Request.
  Time since last request: 0.000083 seconds.
  path: Assets/Scenes/NewBrush 1.brush
  artifactKey: Guid(f495e89ce6db7774fa61c49e545c77e5) Importer(815301076,1909f56bfc062723c751e8b465ee728b)
Start importing Assets/Scenes/NewBrush 1.brush using Guid(f495e89ce6db7774fa61c49e545c77e5) Importer(815301076,1909f56bfc062723c751e8b465ee728b) (PreviewImporter) -> (artifact id: 'bb68be13259188ca0d079e88372aedc3') in 0.1332028 seconds
Number of updated asset objects reloaded before import = 0Number of asset objects unloaded after import = 2

========================================================================
Received Import Request.
  Time since last request: 2.972148 seconds.
  path: Assets/Assets/SimpleNaturePack/Textures/dark-green.png
  artifactKey: Guid(c7608e72f48189343ac47337dfce1cd6) Importer(815301076,1909f56bfc062723c751e8b465ee728b)
Start importing Assets/Assets/SimpleNaturePack/Textures/dark-green.png using Guid(c7608e72f48189343ac47337dfce1cd6) Importer(815301076,1909f56bfc062723c751e8b465ee728b) (PreviewImporter) -> (artifact id: '687350796b338e0830b00b79af9213f9') in 0.0878074 seconds
Number of updated asset objects reloaded before import = 0Number of asset objects unloaded after import = 2

========================================================================
Received Import Request.
  Time since last request: 0.000062 seconds.
  path: Assets/Assets/model_3D/kitchen.glb
  artifactKey: Guid(b25dcfcf6a36a5a48a175f3801cd1b95) Importer(815301076,1909f56bfc062723c751e8b465ee728b)
Start importing Assets/Assets/model_3D/kitchen.glb using Guid(b25dcfcf6a36a5a48a175f3801cd1b95) Importer(815301076,1909f56bfc062723c751e8b465ee728b) (PreviewImporter) -> (artifact id: '53f996a4779b0ce3a4a735430997ccf1') in 7.9399506 seconds
Number of updated asset objects reloaded before import = 0Number of asset objects unloaded after import = 18

========================================================================
Received Import Request.
  Time since last request: 148.771916 seconds.
  path: Assets/TextMesh Pro/Sprites/EmojiOne.png
  artifactKey: Guid(dffef66376be4fa480fb02b19edbe903) Importer(815301076,1909f56bfc062723c751e8b465ee728b)
Start importing Assets/TextMesh Pro/Sprites/EmojiOne.png using Guid(dffef66376be4fa480fb02b19edbe903) Importer(815301076,1909f56bfc062723c751e8b465ee728b) (PreviewImporter) -> (artifact id: '7838b9dec3b18916c166d828b2c2477f') in 0.198156 seconds
Number of updated asset objects reloaded before import = 0Number of asset objects unloaded after import = 2

========================================================================
Received Import Request.
  Time since last request: 0.000089 seconds.
  path: Assets/Assets/model_3D/texture_pbr_20250901_metallic.png
  artifactKey: Guid(a4e59e07062ddd241b665b16983b1247) Importer(815301076,1909f56bfc062723c751e8b465ee728b)
Start importing Assets/Assets/model_3D/texture_pbr_20250901_metallic.png using Guid(a4e59e07062ddd241b665b16983b1247) Importer(815301076,1909f56bfc062723c751e8b465ee728b) (PreviewImporter) -> (artifact id: 'c69930660a72c01244552d4d69ba4e4c') in 0.1937405 seconds
Number of updated asset objects reloaded before import = 0Number of asset objects unloaded after import = 2

========================================================================
Received Import Request.
  Time since last request: 0.000074 seconds.
  path: Assets/Assets/model_3D/tho_ren.glb
  artifactKey: Guid(441b6ad41553a464a8db98c68b6696fb) Importer(815301076,1909f56bfc062723c751e8b465ee728b)
Start importing Assets/Assets/model_3D/tho_ren.glb using Guid(441b6ad41553a464a8db98c68b6696fb) Importer(815301076,1909f56bfc062723c751e8b465ee728b) (PreviewImporter) -> (artifact id: 'cec51a74f59d62b1af957ab4ac204bb0') in 12.4182051 seconds
Number of updated asset objects reloaded before import = 0Number of asset objects unloaded after import = 18

========================================================================
Received Import Request.
  Time since last request: 0.000137 seconds.
  path: Assets/NewBrush.brush
  artifactKey: Guid(158bb46e5ba15f24881e32645832c6fc) Importer(815301076,1909f56bfc062723c751e8b465ee728b)
Start importing Assets/NewBrush.brush using Guid(158bb46e5ba15f24881e32645832c6fc) Importer(815301076,1909f56bfc062723c751e8b465ee728b) (PreviewImporter) -> (artifact id: '9fc18a854dfe5428a150f96d7171b16b') in 0.1191161 seconds
Number of updated asset objects reloaded before import = 0Number of asset objects unloaded after import = 2

Editor requested this worker to shutdown with reason: Scaling down because of idle timeout
AssetImportWorker is now disconnected from the server
Process exiting
Exiting without the bug reporter. Application will terminate with return code 0